hostname,phagename,infection
Escherichia_coli,NC_001418,NoInf
Pseudomonas_aeruginosa,NC_001418,Inf
Streptococcus_thermophilus,NC_002072,Inf
Chlamydia_psittaci,NC_002194,Inf
Chlamydia_trachomatis,NC_002194,NoInf
Streptomyces_exfoliatus,NC_005345,Inf
Streptomyces_venezuelae,NC_005345,Inf
Lactobacillus_brevis,NC_006936,NoInf
Lactobacillus_casei,NC_006936,NoInf
Lactobacillus_coryniformis,NC_006936,NoInf
Lactobacillus_curvatus,NC_006936,NoInf
Lactobacillus_fructivorans,NC_006936,NoInf
Lactobacillus_fructosus,NC_006936,NoInf
Lactobacillus_gasseri,NC_006936,NoInf
Lactobacillus_hilgardii,NC_006936,NoInf
Lactobacillus_jensenii,NC_006936,NoInf
Lactobacillus_mali,NC_006936,NoInf
Lactobacillus_paracasei,NC_006936,NoInf
Lactobacillus_paraplantarum,NC_006936,NoInf
Lactobacillus_pentosaceus,NC_006936,NoInf
Lactobacillus_plantarum,NC_006936,Inf
Lactobacillus_reuteri,NC_006936,NoInf
Lactobacillus_salivarius,NC_006936,NoInf
Lactococcus_lactis,NC_006936,NoInf
Leuconostoc_fallax,NC_006936,NoInf
Leuconostoc_lactis,NC_006936,NoInf
Leuconostoc_mesenteroides,NC_006936,NoInf
Leuconostoc_paramesenteroides,NC_006936,NoInf
Pediococcus_dextrinicus,NC_006936,NoInf
Pediococcus_pentosaceus,NC_006936,NoInf
Bacillus_megaterium,NC_006945,NoInf
Bacillus_thuringiensis,NC_006945,Inf
Bacillus_pumilus,NC_007456,NoInf
Bacillus_subtilis,NC_007456,NoInf
Escherichia_coli,NC_007456,Inf
Pseudomonas_putida,NC_007456,NoInf
Bacillus_anthracis,NC_007734,Inf
Bacillus_cereus,NC_007734,Inf
Bacillus_subtilis,NC_008721,NoInf
Escherichia_coli,NC_008721,NoInf
Streptococcus_suis,NC_008721,Inf
Streptococcus_zooepidemicus,NC_008721,NoInf
Corynebacterium_glutamicum,NC_009799,NoInf
Streptococcus_thermophilus,NC_013598,Inf
Enterococcus_faecalis,NC_013643,Inf
Enterococcus_faecalis,NC_013644,Inf
Streptococcus_thermophilus,NC_013645,Inf
Enterococcus_faecalis,NC_013646,Inf
Enterococcus_faecalis,NC_013648,Inf
Bacillus_cereus,NC_015252,NoInf
Bacillus_thuringiensis,NC_015252,NoInf
Brochothrix_thermosphacta,NC_015252,Inf
Enterococcus_faecalis,NC_015252,NoInf
Lactobacillus_casei,NC_015252,NoInf
Listeria_ivanovii,NC_015252,NoInf
Listeria_monocytogenes,NC_015252,NoInf
Staphylococcus_aureus,NC_015252,NoInf
Staphylococcus_carnosus,NC_015252,NoInf
Staphylococcus_simulans,NC_015252,NoInf
Bacillus_cereus,NC_015253,NoInf
Bacillus_thuringiensis,NC_015253,NoInf
Brochothrix_thermosphacta,NC_015253,Inf
Enterococcus_faecalis,NC_015253,NoInf
Lactobacillus_casei,NC_015253,NoInf
Listeria_ivanovii,NC_015253,NoInf
Listeria_monocytogenes,NC_015253,NoInf
Staphylococcus_aureus,NC_015253,NoInf
Staphylococcus_carnosus,NC_015253,NoInf
Staphylococcus_simulans,NC_015253,NoInf
Bacillus_cereus,NC_015254,NoInf
Bacillus_thuringiensis,NC_015254,NoInf
Brochothrix_thermosphacta,NC_015254,Inf
Enterococcus_faecalis,NC_015254,NoInf
Lactobacillus_casei,NC_015254,NoInf
Listeria_ivanovii,NC_015254,NoInf
Listeria_monocytogenes,NC_015254,NoInf
Staphylococcus_aureus,NC_015254,NoInf
Staphylococcus_carnosus,NC_015254,NoInf
Staphylococcus_simulans,NC_015254,NoInf
Escherichia_coli,NC_015269,Inf
Salmonella_enterica,NC_015269,Inf
Ralstonia_solanacearum,NC_015297,Inf
Erythrobacter_litoralis,NC_015466,NoInf
Erythrobacter_longus,NC_015466,NoInf
Roseobacter_denitrificans,NC_015466,Inf
Roseobacter_litoralis,NC_015466,NoInf
Bacillus_subtilis,NC_016073,NoInf
Cronobacter_sakazakii,NC_016073,NoInf
Enterococcus_faecalis,NC_016073,NoInf
Escherichia_coli,NC_016073,Inf
Pseudomonas_aeruginosa,NC_016073,NoInf
Salmonella_enterica,NC_016073,Inf
Shigella_boydii,NC_016073,NoInf
Shigella_flexneri,NC_016073,NoInf
Staphylococcus_aureus,NC_016073,NoInf
Staphylococcus_epidermidis,NC_016073,NoInf
Vibrio_fischeri,NC_016073,NoInf
Yersinia_enterocolitica,NC_016073,NoInf
Escherichia_coli,NC_016165,NoInf
Paracoccus_denitrificans,NC_016165,NoInf
Rhodobacter_capsulatus,NC_016165,Inf
Rhodobacter_sphaeroides,NC_016165,NoInf
Rhodopseudomonas_palustris,NC_016165,NoInf
Rhodospirillum_centenum,NC_016165,NoInf
Campylobacter_coli,NC_016562,NoInf
Campylobacter_jejuni,NC_016562,Inf
Bacillus_anthracis,NC_016563,Inf
Bacillus_cereus,NC_016563,Inf
Bacillus_megaterium,NC_016563,NoInf
Bacillus_subtilis,NC_016563,NoInf
Bacillus_thuringiensis,NC_016563,Inf
Bacillus_weihenstephanensis,NC_016563,NoInf
Enterococcus_faecalis,NC_016563,NoInf
Escherichia_coli,NC_016563,NoInf
Lactococcus_lactis,NC_016563,NoInf
Listeria_ivanovii,NC_016563,NoInf
Listeria_monocytogenes,NC_016563,NoInf
Salmonella_enterica,NC_016563,NoInf
Staphylococcus_aureus,NC_016563,NoInf
Staphylococcus_epidermidis,NC_016563,NoInf
Streptococcus_salivarius,NC_016563,NoInf
Pseudomonas_agarici,NC_016764,Inf
Pseudomonas_cichorii,NC_016764,NoInf
Pseudomonas_costantinii,NC_016764,Inf
Pseudomonas_fluorescens,NC_016764,Inf
Pseudomonas_poae,NC_016764,NoInf
Pseudomonas_putida,NC_016764,Inf
Pseudomonas_rhizosphaerae,NC_016764,Inf
Pseudomonas_tolaasii,NC_016764,Inf
Staphylococcus_epidermidis,NC_018281,Inf
Staphylococcus_epidermidis,NC_018284,Inf
Bacillus_anthracis,NC_018856,NoInf
Bacillus_cereus,NC_018856,Inf
Bacillus_megaterium,NC_018856,NoInf
Bacillus_subtilis,NC_018856,NoInf
Bacillus_thuringiensis,NC_018856,Inf
Bacillus_weihenstephanensis,NC_018856,NoInf
Enterococcus_faecalis,NC_018856,NoInf
Escherichia_coli,NC_018856,NoInf
Lactococcus_lactis,NC_018856,NoInf
Listeria_ivanovii,NC_018856,NoInf
Listeria_monocytogenes,NC_018856,NoInf
Salmonella_enterica,NC_018856,NoInf
Staphylococcus_aureus,NC_018856,NoInf
Staphylococcus_epidermidis,NC_018856,NoInf
Streptococcus_salivarius,NC_018856,NoInf
Campylobacter_coli,NC_018861,NoInf
Campylobacter_jejuni,NC_018861,Inf
Bacillus_cereus,NC_018863,Inf
Bacillus_thuringiensis,NC_018863,Inf
Enterococcus_faecalis,NC_018863,NoInf
Escherichia_coli,NC_018863,NoInf
Listeria_monocytogenes,NC_018863,NoInf
Salmonella_enterica,NC_018863,NoInf
Shigella_flexneri,NC_018863,NoInf
Staphylococcus_aureus,NC_018863,NoInf
Cronobacter_dublinensis,NC_019401,Inf
Cronobacter_malonaticus,NC_019401,Inf
Cronobacter_sakazakii,NC_019401,Inf
Cronobacter_universalis,NC_019401,NoInf
Pseudomonas_aeruginosa,NC_019451,Inf
Enterobacter_aerogenes,NC_019452,NoInf
Enterococcus_faecalis,NC_019452,NoInf
Escherichia_coli,NC_019452,Inf
Klebsiella_pneumoniae,NC_019452,NoInf
Proteus_mirabilis,NC_019452,NoInf
Salmonella_enterica,NC_019452,NoInf
Serratia_marcescens,NC_019452,NoInf
Shigella_dysentriae,NC_019452,NoInf
Erwinia_amylovora,NC_019504,Inf
Erwinia_billingiae,NC_019504,NoInf
Erwinia_persicina,NC_019504,NoInf
Pantoea_agglomerans,NC_019504,NoInf
Pantoea_ananatis,NC_019504,NoInf
Erwinia_amylovora,NC_019510,Inf
Erwinia_billingiae,NC_019510,NoInf
Erwinia_persicina,NC_019510,NoInf
Pantoea_agglomerans,NC_019510,Inf
Pantoea_ananatis,NC_019510,Inf
Erwinia_amylovora,NC_019514,Inf
Erwinia_billingiae,NC_019514,NoInf
Erwinia_persicina,NC_019514,NoInf
Pantoea_agglomerans,NC_019514,NoInf
Pantoea_ananatis,NC_019514,NoInf
Escherichia_coli,NC_019517,Inf
Salmonella_enterica,NC_019530,Inf
Lactobacillus_plantarum,NC_019916,Inf
Pseudomonas_aeruginosa,NC_019918,Inf
Dickeya_chrysanthemi,NC_019925,NoInf
Dickeya_dadantii,NC_019925,NoInf
Dickeya_dianthicola,NC_019925,NoInf
Dickeya_dieffenbachiae,NC_019925,NoInf
Dickeya_solani,NC_019925,Inf
Dickeya_zeae,NC_019925,NoInf
Helicobacter_pylori,NC_019928,Inf
Pseudomonas_aeruginosa,NC_019935,Inf
Leuconostoc_mesenteroides,NC_020870,NoInf
Leuconostoc_pseudomesenteroides,NC_020870,Inf
Bacillus_anthracis,NC_020873,Inf
Bacillus_cereus,NC_020873,Inf
Bacillus_licheniformis,NC_020873,Inf
Bacillus_megaterium,NC_020873,Inf
Bacillus_psychrosaccharolyticus,NC_020873,Inf
Bacillus_subtilis,NC_020873,NoInf
Bacillus_thuringiensis,NC_020873,Inf
Bacillus_weihenstephanensis,NC_020873,Inf
Leuconostoc_mesenteroides,NC_020880,NoInf
Leuconostoc_pseudomesenteroides,NC_020880,Inf
Gordonia_terrae,NC_021063,NoInf
Mycobacterium_avium,NC_021063,Inf
Mycobacterium_smegmatis,NC_021063,Inf
Nocardia_brasiliensis,NC_021063,NoInf
Nocardia_otitidiscaviarum,NC_021063,NoInf
Rhodococcus_erythropolis,NC_021063,NoInf
Rhodococcus_globerulus,NC_021063,NoInf
Alteromonas_macleodii,NC_021300,NoInf
Alteromonas_marina,NC_021300,NoInf
Idiomarina_fontislapidosi,NC_021300,NoInf
Idiomarina_loihiensis,NC_021300,NoInf
Pseudoalteromonas_arctica,NC_021300,NoInf
Pseudoalteromonas_atlantica,NC_021300,NoInf
Pseudoalteromonas_marina,NC_021300,Inf
Pseudoalteromonas_nigrifaciens,NC_021300,NoInf
Pseudoalteromonas_phenolica,NC_021300,NoInf
Pseudoalteromonas_translucida,NC_021300,NoInf
Mycobacterium_phlei,NC_021347,NoInf
Rhodococcus_equi,NC_021347,Inf
Rhodococcus_erythropolis,NC_021347,NoInf
Rhodococcus_fascians,NC_021347,NoInf
Rhodococcus_opacus,NC_021347,NoInf
Rhodococcus_rhodochrous,NC_021347,NoInf
Rhodococcus_ruber,NC_021347,NoInf
Bacillus_cereus,NC_021531,NoInf
Cronobacter_dublinensis,NC_021531,Inf
Cronobacter_malonaticus,NC_021531,Inf
Cronobacter_sakazakii,NC_021531,Inf
Cronobacter_turicensis,NC_021531,Inf
Enterobacter_aerogenes,NC_021531,NoInf
Enterobacter_agglomerans,NC_021531,Inf
Enterobacter_cloacae,NC_021531,Inf
Enterococcus_faecalis,NC_021531,NoInf
Escherichia_coli,NC_021531,NoInf
Klebsiella_oxytoca,NC_021531,NoInf
Klebsiella_pneumoniae,NC_021531,NoInf
Listeria_monocytogenes,NC_021531,NoInf
Pseudomonas_aeruginosa,NC_021531,NoInf
Salmonella_enterica,NC_021531,NoInf
Staphylococcus_aureus,NC_021531,NoInf
Vibrio_fischeri,NC_021531,NoInf
Vibrio_cholerae,NC_021562,Inf
Vibrio_fluvialis,NC_021562,NoInf
Vibrio_furnissii,NC_021562,NoInf
Vibrio_metschnikovii,NC_021562,Inf
Vibrio_mimicus,NC_021562,Inf
Vibrio_parahaemolyticus,NC_021562,NoInf
Vibrio_vulnificus,NC_021562,Inf
Bacillus_cereus,NC_021783,NoInf
Bacillus_subtilis,NC_021783,NoInf
Cronobacter_sakazakii,NC_021783,NoInf
Enterococcus_faecalis,NC_021783,NoInf
Escherichia_coli,NC_021783,NoInf
Listeria_innocua,NC_021783,NoInf
Listeria_monocytogenes,NC_021783,NoInf
Pseudomonas_aeruginosa,NC_021783,NoInf
Salmonella_enterica,NC_021783,Inf
Shigella_boydii,NC_021783,NoInf
Shigella_flexneri,NC_021783,NoInf
Staphylococcus_aureus,NC_021783,NoInf
Staphylococcus_epidermidis,NC_021783,NoInf
Vibrio_fischeri,NC_021783,NoInf
Bacillus_cereus,NC_021801,NoInf
Bacillus_subtilis,NC_021801,NoInf
Enterococcus_faecalis,NC_021801,NoInf
Escherichia_coli,NC_021801,NoInf
Listeria_monocytogenes,NC_021801,NoInf
Pseudomonas_aeruginosa,NC_021801,NoInf
Salmonella_enterica,NC_021801,NoInf
Staphylococcus_aureus,NC_021801,Inf
Staphylococcus_epidermidis,NC_021801,Inf
Staphylococcus_aureus,NC_022090,Inf
Staphylococcus_epidermidis,NC_022090,NoInf
Staphylococcus_haemolyticus,NC_022090,NoInf
Xylella_fastidiosa,NC_022982,Inf
Xylella_fastidiosa,NC_022987,Inf
Bacillus_anthracis,NC_023007,Inf
Bacillus_cereus,NC_023007,Inf
Bacillus_megaterium,NC_023007,NoInf
Bacillus_sphaericus,NC_023007,NoInf
Bacillus_subtilis,NC_023007,NoInf
Bacillus_thuringiensis,NC_023007,Inf
Bacillus_weihenstephanensis,NC_023007,NoInf
Enterococcus_faecalis,NC_023007,NoInf
Escherichia_coli,NC_023007,NoInf
Lactococcus_lactis,NC_023007,NoInf
Listeria_ivanovii,NC_023007,NoInf
Listeria_monocytogenes,NC_023007,NoInf
Salmonella_enterica,NC_023007,NoInf
Staphylococcus_aureus,NC_023007,NoInf
Staphylococcus_epidermidis,NC_023007,NoInf
Streptococcus_salivarius,NC_023007,NoInf
Cronobacter_malonaticus,NC_023558,Inf
Cronobacter_turicensis,NC_023558,Inf
Escherichia_coli,NC_023558,Inf
Salmonella_enterica,NC_023558,Inf
Rhizobium_etli,NC_023566,NoInf
Rhizobium_gallicum,NC_023566,Inf
Rhizobium_leguminosarum,NC_023566,NoInf
Rhizobium_leucaenae,NC_023566,Inf
Sinorhizobium_meliloti,NC_023566,NoInf
Lactobacillus_brevis,NC_023574,NoInf
Lactobacillus_plantarum,NC_023574,NoInf
Lactococcus_lactis,NC_023574,Inf
Staphylococcus_aureus,NC_023582,NoInf
Staphylococcus_epidermidis,NC_023582,Inf
Staphylococcus_haemolyticus,NC_023582,NoInf
Staphylococcus_intermedius,NC_023582,NoInf
Pseudomonas_syringae,NC_023601,Inf
Bacillus_pumilus,NC_023693,NoInf
Bacillus_subtilis,NC_023693,NoInf
Escherichia_coli,NC_023693,Inf
Pseudomonas_putida,NC_023693,NoInf
Rhodococcus_equi,NC_023694,Inf
Rhodococcus_equi,NC_023706,Inf
Rhodococcus_equi,NC_023722,Inf
Rhodococcus_equi,NC_023735,Inf
Pseudomonas_aeruginosa,NC_024123,Inf
Pseudomonas_aeruginosa,NC_024140,Inf
Anabaena_variabilis,NC_024358,Inf
Nostoc_linckia,NC_024358,Inf
Leuconostoc_mesenteroides,NC_024378,Inf
Leuconostoc_pseudomesenteroides,NC_024378,NoInf
Leuconostoc_mesenteroides,NC_024380,NoInf
Leuconostoc_pseudomesenteroides,NC_024380,Inf
Leuconostoc_mesenteroides,NC_024385,NoInf
Leuconostoc_pseudomesenteroides,NC_024385,Inf
Leuconostoc_mesenteroides,NC_024386,Inf
Leuconostoc_pseudomesenteroides,NC_024386,NoInf
Leuconostoc_mesenteroides,NC_024388,Inf
Leuconostoc_pseudomesenteroides,NC_024388,NoInf
Leuconostoc_mesenteroides,NC_024389,Inf
Leuconostoc_pseudomesenteroides,NC_024389,NoInf
Leuconostoc_mesenteroides,NC_024390,NoInf
Leuconostoc_pseudomesenteroides,NC_024390,Inf
Lactobacillus_delbrueckii,NC_025415,Inf
Lactobacillus_delbrueckii,NC_025420,Inf
Lactobacillus_delbrueckii,NC_025421,Inf
Bacillus_anthracis,NC_025423,Inf
Bacillus_cereus,NC_025423,Inf
Bacillus_megaterium,NC_025423,NoInf
Bacillus_subtilis,NC_025423,NoInf
Bacillus_thuringiensis,NC_025423,Inf
Bacillus_weihenstephanensis,NC_025423,NoInf
Enterococcus_faecalis,NC_025423,NoInf
Escherichia_coli,NC_025423,NoInf
Lactococcus_lactis,NC_025423,NoInf
Listeria_ivanovii,NC_025423,NoInf
Listeria_monocytogenes,NC_025423,NoInf
Salmonella_enterica,NC_025423,NoInf
Staphylococcus_aureus,NC_025423,NoInf
Staphylococcus_epidermidis,NC_025423,NoInf
Streptococcus_salivarius,NC_025423,NoInf
Rhizobium_etli,NC_025427,NoInf
Rhizobium_gallicum,NC_025427,NoInf
Rhizobium_leguminosarum,NC_025427,Inf
Sinorhizobium_meliloti,NC_025427,NoInf
Escherichia_coli,NC_025430,Inf
Yersinia_aldovae,NC_025451,NoInf
Yersinia_bercovieri,NC_025451,NoInf
Yersinia_enterocolitica,NC_025451,Inf
Yersinia_frederiksenii,NC_025451,NoInf
Yersinia_intermedia,NC_025451,NoInf
Yersinia_kristensenii,NC_025451,NoInf
Yersinia_pseudotuberculosis,NC_025451,NoInf
Yersinia_rohdei,NC_025451,NoInf
Yersinia_ruckeri,NC_025451,NoInf
Escherichia_coli,NC_025829,NoInf
Shigella_boydii,NC_025829,NoInf
Shigella_flexneri,NC_025829,Inf
Shigella_sonnei,NC_025829,Inf
Escherichia_coli,NC_026010,NoInf
Shigella_boydii,NC_026010,NoInf
Shigella_flexneri,NC_026010,Inf
Shigella_sonnei,NC_026010,NoInf
Pseudomonas_aeruginosa,NC_026586,Inf
Pseudomonas_aeruginosa,NC_026587,Inf
Pseudomonas_aeruginosa,NC_026594,Inf
Pseudomonas_aeruginosa,NC_026599,Inf
Pseudomonas_aeruginosa,NC_026600,Inf
Pseudomonas_aeruginosa,NC_026601,Inf
Pseudomonas_aeruginosa,NC_026602,Inf
Escherichia_coli,NC_026607,NoInf
Listeria_monocytogenes,NC_026607,NoInf
Pseudomonas_fluorescens,NC_026607,NoInf
Pseudomonas_putrefaciens,NC_026607,NoInf
Pseudomonas_taetrolens,NC_026607,NoInf
Salmonella_enterica,NC_026607,Inf
Staphylococcus_aureus,NC_026607,NoInf
Vibrio_parahaemolyticus,NC_026607,NoInf
Vibrio_cholerae,NC_027118,Inf
Rhizobium_etli,NC_027296,Inf
Bacillus_cereus,NC_027352,Inf
Bacillus_licheniformis,NC_027352,NoInf
Bacillus_megaterium,NC_027352,NoInf
Bacillus_pumilus,NC_027352,NoInf
Bacillus_sphaericus,NC_027352,NoInf
Bacillus_subtilis,NC_027352,NoInf
Bacillus_thuringiensis,NC_027352,Inf
Bacillus_weihenstephanensis,NC_027352,Inf
Cronobacter_sakazakii,NC_027352,NoInf
Escherichia_coli,NC_027352,NoInf
Listeria_monocytogenes,NC_027352,NoInf
Salmonella_enterica,NC_027352,NoInf
Staphylococcus_aureus,NC_027352,NoInf
Escherichia_coli,NC_027375,NoInf
Listeria_monocytogenes,NC_027375,NoInf
Proteus_mirabilis,NC_027375,NoInf
Pseudomonas_aeruginosa,NC_027375,Inf
Salmonella_enterica,NC_027375,NoInf
Staphylococcus_aureus,NC_027375,NoInf
Escherichia_coli,NC_027387,Inf
Salmonella_enterica,NC_027387,Inf
Shigella_boydii,NC_027387,NoInf
Shigella_dysentriae,NC_027387,Inf
Shigella_sonnei,NC_027387,Inf
Bacillus_subtilis,NC_027388,NoInf
Escherichia_coli,NC_027388,NoInf
Klebsiella_pneumoniae,NC_027388,NoInf
Pseudomonas_aeruginosa,NC_027388,Inf
Salmonella_enterica,NC_027388,NoInf
Staphylococcus_aureus,NC_027388,NoInf
Achromobacter_xylosoxidans,NC_028695,NoInf
Acinetobacter_baumannii,NC_028695,NoInf
Citrobacter_freundii,NC_028695,NoInf
Enterobacter_aerogenes,NC_028695,Inf
Enterobacter_cloacae,NC_028695,NoInf
Enterobacter_sakazakii,NC_028695,NoInf
Escherichia_coli,NC_028695,NoInf
Pseudomonas_aeruginosa,NC_028695,NoInf
Raoultella_ornithinolytica,NC_028695,NoInf
Serratia_marcescens,NC_028695,NoInf
Shigella_sonnei,NC_028695,NoInf
Vibrio_parahaemolyticus,NC_028695,NoInf
Pseudomonas_aeruginosa,NC_028745,Inf
Bacillus_borstelensis,NC_028758,NoInf
Bacillus_licheniformis,NC_028758,NoInf
Bacillus_megaterium,NC_028758,NoInf
Bacillus_pumilus,NC_028758,NoInf
Bacillus_subtilis,NC_028758,NoInf
Brevibacillus_brevis,NC_028758,Inf
Brevibacillus_laterosporus,NC_028758,NoInf
Delftia_acidovorans,NC_028758,NoInf
Enterococcus_faecalis,NC_028758,NoInf
Gluconobacter_oxydans,NC_028758,NoInf
Janthinobacterium_lividum,NC_028758,NoInf
Kocuria_rosea,NC_028758,NoInf
Lactobacillus_crispatus,NC_028758,NoInf
Paenibacillus_alvei,NC_028758,Inf
Paenibacillus_amylolyticus,NC_028758,NoInf
Paenibacillus_apiarius,NC_028758,NoInf
Paenibacillus_castaneae,NC_028758,Inf
Paenibacillus_elgii,NC_028758,NoInf
Paenibacillus_fonticola,NC_028758,NoInf
Paenibacillus_lactis,NC_028758,Inf
Paenibacillus_lautus,NC_028758,NoInf
Paenibacillus_humicus,NC_028758,Inf
Paenibacillus_larvae,NC_028758,Inf
Paenibacillus_nanensis,NC_028758,NoInf
Paenibacillus_pabuli,NC_028758,NoInf
Paenibacillus_peoriae,NC_028758,NoInf
Paenibacillus_polymyxa,NC_028758,NoInf
Paenibacillus_popilliae,NC_028758,NoInf
Pedobacter_africanus,NC_028758,NoInf
Planomicrobium_okeanokoites,NC_028758,NoInf
Pseudomonas_fluorescens,NC_028758,NoInf
Ralstonia_pickettii,NC_028758,NoInf
Saccharibacter_floricola,NC_028758,NoInf
Salmonella_enterica,NC_028758,NoInf
Staphylococcus_pasteuri,NC_028758,NoInf
Streptococcus_salivarius,NC_028758,NoInf
Streptomyces_griseus,NC_028758,NoInf
Aeromonas_hydrophila,NC_028795,NoInf
Aeromonas_salmonicida,NC_028795,NoInf
Citrobacter_freundii,NC_028795,NoInf
Enterococcus_faecalis,NC_028795,NoInf
Enterococcus_faecium,NC_028795,NoInf
Escherichia_coli,NC_028795,Inf
Klebsiella_pneumoniae,NC_028795,NoInf
Listeria_innocua,NC_028795,NoInf
Listeria_monocytogenes,NC_028795,NoInf
Photobacterium_damselae,NC_028795,NoInf
Proteus_mirabilis,NC_028795,Inf
Proteus_vulgaris,NC_028795,NoInf
Pseudomonas_aeruginosa,NC_028795,NoInf
Pseudomonas_fluorescens,NC_028795,NoInf
Pseudomonas_gingeri,NC_028795,NoInf
Pseudomonas_putida,NC_028795,NoInf
Pseudomonas_segetis,NC_028795,NoInf
Salmonella_enterica,NC_028795,Inf
Shigella_flexneri,NC_028795,Inf
Staphylococcus_aureus,NC_028795,NoInf
Vibrio_anguillarum,NC_028795,NoInf
Vibrio_fischeri,NC_028795,NoInf
Vibrio_parahaemolyticus,NC_028795,NoInf
Pseudomonas_aeruginosa,NC_028836,Inf
Staphylococcus_aureus,NC_028862,Inf
Staphylococcus_xylosis,NC_028862,Inf
Citrobacter_freundii,NC_028880,Inf
Pseudomonas_aeruginosa,NC_028885,Inf
Achromobacter_xylosoxidans,NC_028908,Inf
Acinetobacter_baumannii,NC_028908,NoInf
Citrobacter_freundii,NC_028908,NoInf
Enterobacter_aerogenes,NC_028908,NoInf
Enterobacter_cloacae,NC_028908,NoInf
Enterobacter_sakazakii,NC_028908,NoInf
Escherichia_coli,NC_028908,NoInf
Klebsiella_pneumoniae,NC_028908,NoInf
Pseudomonas_aeruginosa,NC_028908,NoInf
Raoultella_ornithinolytica,NC_028908,NoInf
Serratia_marcescens,NC_028908,NoInf
Shigella_sonnei,NC_028908,NoInf
Vibrio_parahaemolyticus,NC_028908,NoInf
Pseudomonas_aeruginosa,NC_028919,Inf
Escherichia_coli,NC_028957,Inf
Brevibacillus_laterosporus,NC_028969,Inf
Pseudomonas_aeruginosa,NC_028971,Inf
Bacillus_anthracis,NC_028982,Inf
Bacillus_cereus,NC_028982,Inf
Bacillus_megaterium,NC_028982,NoInf
Bacillus_subtilis,NC_028982,NoInf
Bacillus_thuringiensis,NC_028982,Inf
Bacillus_anthracis,NC_028983,Inf
Bacillus_cereus,NC_028983,Inf
Bacillus_megaterium,NC_028983,NoInf
Bacillus_subtilis,NC_028983,NoInf
Bacillus_thuringiensis,NC_028983,Inf
Pseudomonas_aeruginosa,NC_028999,Inf
Anabaena_spirioides,NC_029002,NoInf
Microcystis_aeruginosa,NC_029002,Inf
Burkholderia_cepacia,NC_029009,NoInf
Enterococcus_faecalis,NC_029009,Inf
Fusobacterium_nucleatum,NC_029009,NoInf
Klebsiella_pneumoniae,NC_029009,NoInf
Porphyromonas_gingivalis,NC_029009,NoInf
Pseudomonas_aeruginosa,NC_029009,NoInf
Staphylococcus_aureus,NC_029009,NoInf
Streptococcus_mutans,NC_029009,NoInf
Streptococcus_sobrinus,NC_029009,NoInf
Bacillus_cereus,NC_029010,NoInf
Bacillus_subtilis,NC_029010,NoInf
Cronobacter_sakazakii,NC_029010,NoInf
Enterococcus_faecalis,NC_029010,NoInf
Escherichia_coli,NC_029010,NoInf
Listeria_monocytogenes,NC_029010,NoInf
Pseudomonas_aeruginosa,NC_029010,NoInf
Salmonella_enterica,NC_029010,NoInf
Staphylococcus_aureus,NC_029010,Inf
Staphylococcus_cohnii,NC_029010,NoInf
Staphylococcus_intermedius,NC_029010,NoInf
Staphylococcus_warneri,NC_029010,NoInf
Staphylococcus_xylosis,NC_029010,NoInf
Pseudomonas_aeruginosa,NC_029019,Inf
Achromobacter_xylosoxidans,NC_029033,Inf
Acinetobacter_baumannii,NC_029033,NoInf
Citrobacter_freundii,NC_029033,NoInf
Enterobacter_aerogenes,NC_029033,NoInf
Enterobacter_cloacae,NC_029033,NoInf
Enterobacter_sakazakii,NC_029033,NoInf
Escherichia_coli,NC_029033,NoInf
Klebsiella_pneumoniae,NC_029033,NoInf
Pseudomonas_aeruginosa,NC_029033,NoInf
Raoultella_ornithinolytica,NC_029033,NoInf
Serratia_marcescens,NC_029033,NoInf
Shigella_sonnei,NC_029033,NoInf
Vibrio_parahaemolyticus,NC_029033,NoInf
Erysipelothrix_rhusiopathiae,NC_029078,Inf
Staphylococcus_aureus,NC_029078,NoInf
Streptococcus_suis,NC_029078,NoInf
Bacillus_subtilis,NC_029101,NoInf
Escherichia_coli,NC_029101,NoInf
Klebsiella_pneumoniae,NC_029101,NoInf
Pseudomonas_aeruginosa,NC_029101,Inf
Salmonella_enterica,NC_029101,NoInf
Staphylococcus_aureus,NC_029101,NoInf
Aeromonas_hydrophila,NC_029102,NoInf
Aeromonas_salmonicida,NC_029102,NoInf
Citrobacter_freundii,NC_029102,Inf
Enterococcus_faecalis,NC_029102,NoInf
Enterococcus_faecium,NC_029102,NoInf
Escherichia_coli,NC_029102,Inf
Klebsiella_pneumoniae,NC_029102,NoInf
Listeria_innocua,NC_029102,NoInf
Listeria_monocytogenes,NC_029102,NoInf
Photobacterium_damselae,NC_029102,NoInf
Proteus_mirabilis,NC_029102,Inf
Proteus_vulgaris,NC_029102,NoInf
Pseudomonas_aeruginosa,NC_029102,NoInf
Pseudomonas_fluorescens,NC_029102,NoInf
Pseudomonas_gingeri,NC_029102,NoInf
Pseudomonas_putida,NC_029102,NoInf
Pseudomonas_segetis,NC_029102,NoInf
Salmonella_enterica,NC_029102,Inf
Shigella_flexneri,NC_029102,Inf
Staphylococcus_aureus,NC_029102,NoInf
Vibrio_anguillarum,NC_029102,NoInf
Vibrio_fischeri,NC_029102,NoInf
Vibrio_parahaemolyticus,NC_029102,NoInf
Achromobacter_xylosoxidans,NC_029106,Inf
Acinetobacter_baumannii,NC_029106,NoInf
Citrobacter_freundii,NC_029106,NoInf
Enterobacter_aerogenes,NC_029106,NoInf
Enterobacter_cloacae,NC_029106,NoInf
Escherichia_coli,NC_029106,NoInf
Klebsiella_pneumoniae,NC_029106,NoInf
Pseudomonas_aeruginosa,NC_029106,NoInf
Raoultella_ornithinolytica,NC_029106,NoInf
Serratia_marcescens,NC_029106,NoInf
Shigella_sonnei,NC_029106,NoInf
Vibrio_parahaemolyticus,NC_029106,NoInf
Bacillus_anthracis,NC_029121,NoInf
Bacillus_cereus,NC_029121,NoInf
Bacillus_pumilus,NC_029121,Inf
Bacillus_subtilis,NC_029121,NoInf
Bacillus_thuringiensis,NC_029121,NoInf
Pseudomonas_syringae,NC_030934,Inf
Bacillus_subtilis,NC_031008,NoInf
Escherichia_coli,NC_031008,NoInf
Staphylococcus_aureus,NC_031008,Inf
Staphylococcus_epidermidis,NC_031008,NoInf
Streptococcus_suis,NC_031008,NoInf
Streptococcus_zooepidemicus,NC_031008,NoInf
Bacillus_cereus,NC_031053,NoInf
Bacillus_licheniformis,NC_031053,NoInf
Bacteroides_fragilis,NC_031053,NoInf
Clostridium_difficile,NC_031053,NoInf
Clostridium_perfringens,NC_031053,NoInf
Cronobacter_sakazakii,NC_031053,Inf
Enterococcus_faecalis,NC_031053,NoInf
Escherichia_coli,NC_031053,NoInf
Klebsiella_oxytoca,NC_031053,Inf
Klebsiella_pneumoniae,NC_031053,Inf
Listeria_monocytogenes,NC_031053,NoInf
Pseudomonas_aeruginosa,NC_031053,NoInf
Salmonella_enterica,NC_031053,NoInf
Shigella_boydii,NC_031053,NoInf
Shigella_flexneri,NC_031053,NoInf
Staphylococcus_aureus,NC_031053,NoInf
Staphylococcus_epidermidis,NC_031053,NoInf
Yersinia_enterocolitica,NC_031053,NoInf
Bacillus_cereus,NC_031095,NoInf
Bacillus_licheniformis,NC_031095,NoInf
Bacteroides_fragilis,NC_031095,NoInf
Clostridium_difficile,NC_031095,NoInf
Clostridium_perfringens,NC_031095,NoInf
Cronobacter_sakazakii,NC_031095,Inf
Enterococcus_faecalis,NC_031095,NoInf
Escherichia_coli,NC_031095,NoInf
Klebsiella_oxytoca,NC_031095,Inf
Klebsiella_pneumoniae,NC_031095,Inf
Listeria_monocytogenes,NC_031095,NoInf
Pseudomonas_aeruginosa,NC_031095,NoInf
Salmonella_enterica,NC_031095,NoInf
Shigella_boydii,NC_031095,NoInf
Shigella_flexneri,NC_031095,NoInf
Staphylococcus_aureus,NC_031095,NoInf
Staphylococcus_epidermidis,NC_031095,NoInf
Yersinia_enterocolitica,NC_031095,NoInf
Brucella_abortus,NC_031264,Inf
Brucella_canis,NC_031264,Inf
Brucella_ceti,NC_031264,NoInf
Brucella_inopinata,NC_031264,NoInf
Brucella_melitensis,NC_031264,Inf
Brucella_microti,NC_031264,Inf
Brucella_neotomae,NC_031264,Inf
Brucella_ovis,NC_031264,NoInf
Brucella_pinnipedialis,NC_031264,Inf
Brucella_suis,NC_031264,Inf
Brucella_vulpis,NC_031264,Inf
Flavobacterium_psychrophilum,NC_031938,Inf
Rhizobium_etli,NC_034248,Inf
Mycobacterium_smegmatis,NC_043767,Inf
Enterobacter_aerogenes,NC_043469,Inf
Xanthomonas_oryzae,NC_043028,Inf
Bacillus_subtilis,NC_043027,Inf
Mycobacterium_smegmatis,NC_031041,Inf
Mycobacterium_smegmatis,NC_028941,Inf
Mycobacterium_smegmatis,NC_028874,Inf
Mycobacterium_smegmatis,NC_028828,Inf
Mycobacterium_smegmatis,NC_028784,Inf
Mycobacterium_smegmatis,NC_024368,Inf
Mycobacterium_smegmatis,NC_024143,Inf
Mycobacterium_smegmatis,NC_024136,Inf
Mycobacterium_smegmatis,NC_023862,Inf
Mycobacterium_smegmatis,NC_023716,Inf
Mycobacterium_smegmatis,NC_023702,Inf
Mycobacterium_smegmatis,NC_022975,Inf
Lactococcus_lactis,NC_009817,Inf
Mycobacterium_smegmatis,NC_023748,Inf
Mycobacterium_smegmatis,NC_023710,Inf
Mycobacterium_smegmatis,NC_011267,Inf
Escherichia_coli,NC_042564,Inf
Enterobacter_cancerogenus,NC_019524,Inf
Pseudomonas_aeruginosa,NC_042073,Inf
Pseudomonas_aeruginosa,NC_042072,Inf
Pseudomonas_aeruginosa,NC_042071,Inf
Bacillus_subtilis,NC_031245,Inf
Escherichia_coli,NC_029091,Inf
Propionibacterium_acnes,NC_028967,Inf
Paenibacillus_larvae,NC_028930,Inf
Escherichia_coli,NC_028863,Inf
Escherichia_coli,NC_028822,Inf
Bacillus_cereus,NC_028789,Inf
Salmonella_enterica,NC_027360,Inf
Pseudomonas_aeruginosa,NC_024381,Inf
Staphylococcus_aureus,NC_023550,Inf
Clostridium_perfringens,NC_017980,Inf
Shigella_boydii,NC_013693,Inf
Delftia_acidovorans,NC_013697,Inf
Pseudomonas_syringae,NC_012091,Inf
Enterococcus_faecalis,NC_012419,Inf
Pseudomonas_syringae,NC_012093,Inf
Pseudomonas_syringae,NC_012092,Inf
Pseudomonas_aeruginosa,NC_011613,Inf
Bacillus_subtilis,NC_011421,Inf
Staphylococcus_aureus,NC_009875,Inf
Xanthomonas_oryzae,NC_009543,Inf
Chlamydophila_abortus,NC_007461,Inf
Burkholderia_pseudomallei,NC_005284,Inf
Pseudomonas_aeruginosa,NC_005178,Inf
Corynebacterium_glutamicum,NC_042355,Inf
Corynebacterium_glutamicum,NC_042354,Inf
Salinibacter_ruber,NC_042352,Inf
Salinibacter_ruber,NC_042351,Inf
Salinibacter_ruber,NC_042350,Inf
Salinibacter_ruber,NC_042349,Inf
Salinibacter_ruber,NC_042348,Inf
Xylella_fastidiosa,NC_042345,Inf
Xylella_fastidiosa,NC_042344,Inf
Pseudomonas_aeruginosa,NC_042343,Inf
Pseudomonas_aeruginosa,NC_042342,Inf
Mycobacterium_smegmatis,NC_042341,Inf
Mycobacterium_smegmatis,NC_042340,Inf
Mycobacterium_smegmatis,NC_042339,Inf
Mycobacterium_smegmatis,NC_042338,Inf
Mycobacterium_smegmatis,NC_042337,Inf
Mycobacterium_smegmatis,NC_042336,Inf
Mycobacterium_smegmatis,NC_042335,Inf
Mycobacterium_smegmatis,NC_042334,Inf
Mycobacterium_smegmatis,NC_042333,Inf
Mycobacterium_smegmatis,NC_042332,Inf
Mycobacterium_smegmatis,NC_042331,Inf
Mycobacterium_smegmatis,NC_042330,Inf
Mycobacterium_smegmatis,NC_042329,Inf
Mycobacterium_smegmatis,NC_042328,Inf
Mycobacterium_smegmatis,NC_042327,Inf
Mycobacterium_smegmatis,NC_042326,Inf
Mycobacterium_smegmatis,NC_042325,Inf
Mycobacterium_smegmatis,NC_042324,Inf
Mycobacterium_smegmatis,NC_042323,Inf
Mycobacterium_smegmatis,NC_042322,Inf
Mycobacterium_smegmatis,NC_042321,Inf
Mycobacterium_smegmatis,NC_042320,Inf
Mycobacterium_smegmatis,NC_042319,Inf
Mycobacterium_smegmatis,NC_042318,Inf
Mycobacterium_smegmatis,NC_042317,Inf
Mycobacterium_smegmatis,NC_042316,Inf
Mycobacterium_smegmatis,NC_042315,Inf
Mycobacterium_smegmatis,NC_042314,Inf
Mycobacterium_smegmatis,NC_042313,Inf
Mycobacterium_smegmatis,NC_042312,Inf
Mycobacterium_smegmatis,NC_042311,Inf
Mycobacterium_smegmatis,NC_042310,Inf
Mycobacterium_smegmatis,NC_042309,Inf
Mycobacterium_smegmatis,NC_042308,Inf
Mycobacterium_smegmatis,NC_023745,Inf
Lactococcus_lactis,NC_017702,Inf
Lactococcus_lactis,NC_017698,Inf
Lactococcus_lactis,NC_017696,Inf
Lactococcus_lactis,NC_017695,Inf
Mycobacterium_smegmatis,NC_028876,Inf
Gordonia_terrae,NC_031269,Inf
Mycobacterium_smegmatis,NC_031266,Inf
Mycobacterium_smegmatis,NC_031262,Inf
Mycobacterium_smegmatis,NC_031261,Inf
Mycobacterium_smegmatis,NC_031243,Inf
Gordonia_terrae,NC_031233,Inf
Gordonia_terrae,NC_031251,Inf
Gordonia_terrae,NC_031226,Inf
Mycobacterium_smegmatis,NC_031281,Inf
Gordonia_terrae,NC_031118,Inf
Gordonia_terrae,NC_031061,Inf
Gordonia_terrae,NC_030943,Inf
Mycobacterium_smegmatis,NC_028961,Inf
Mycobacterium_smegmatis,NC_028953,Inf
Mycobacterium_smegmatis,NC_028946,Inf
Mycobacterium_smegmatis,NC_028937,Inf
Mycobacterium_smegmatis,NC_028910,Inf
Mycobacterium_smegmatis,NC_028889,Inf
Mycobacterium_smegmatis,NC_028844,Inf
Mycobacterium_smegmatis,NC_028842,Inf
Mycobacterium_smegmatis,NC_028823,Inf
Mycobacterium_smegmatis,NC_028796,Inf
Mycobacterium_smegmatis,NC_028779,Inf
Mycobacterium_smegmatis,NC_028747,Inf
Mycobacterium_smegmatis,NC_028678,Inf
Mycobacterium_smegmatis,NC_028654,Inf
Mycobacterium_smegmatis,NC_026596,Inf
Mycobacterium_smegmatis,NC_026585,Inf
Mycobacterium_smegmatis,NC_026584,Inf
Mycobacterium_smegmatis,NC_025433,Inf
Mycobacterium_smegmatis,NC_023746,Inf
Mycobacterium_tuberculosis,NC_023744,Inf
Mycobacterium_smegmatis,NC_023738,Inf
Mycobacterium_smegmatis,NC_023730,Inf
Mycobacterium_smegmatis,NC_023729,Inf
Mycobacterium_smegmatis,NC_023728,Inf
Mycobacterium_smegmatis,NC_023712,Inf
Mycobacterium_smegmatis,NC_023699,Inf
Mycobacterium_smegmatis,NC_023692,Inf
Mycobacterium_smegmatis,NC_023690,Inf
Mycobacterium_smegmatis,NC_023552,Inf
Mycobacterium_smegmatis,NC_023580,Inf
Mycobacterium_smegmatis,NC_022068,Inf
Mycobacterium_smegmatis,NC_022067,Inf
Mycobacterium_smegmatis,NC_022066,Inf
Mycobacterium_smegmatis,NC_022057,Inf
Mycobacterium_smegmatis,NC_021302,Inf
Mycobacterium_smegmatis,NC_021301,Inf
Mycobacterium_smegmatis,NC_021061,Inf
Mycobacterium_smegmatis,NC_014901,Inf
Staphylococcus_epidermidis,NC_041928,Inf
Bacillus_subtilis,NC_041842,Inf
Bacillus_subtilis,NC_041841,Inf
Bacillus_subtilis,NC_041840,Inf
Bacillus_subtilis,NC_041839,Inf
Bacillus_subtilis,NC_041838,Inf
Bacillus_subtilis,NC_041837,Inf
Bacillus_subtilis,NC_041836,Inf
Bacillus_subtilis,NC_041835,Inf
Bacillus_subtilis,NC_030903,Inf
Gordonia_terrae,NC_030698,Inf
Mycobacterium_smegmatis,NC_028906,Inf
Bacillus_thuringiensis,NC_028887,Inf
Mycobacterium_smegmatis,NC_023695,Inf
Mycobacterium_smegmatis,NC_023577,Inf
Mycobacterium_smegmatis,NC_023572,Inf
Staphylococcus_aureus,NC_023573,Inf
Bacillus_subtilis,NC_022771,Inf
Bacillus_thuringiensis,NC_022769,Inf
Bacillus_thuringiensis,NC_022763,Inf
Bacillus_subtilis,NC_021856,Inf
Mycobacterium_smegmatis,NC_021306,Inf
Mycobacterium_smegmatis,NC_014459,Inf
Gordonia_terrae,NC_031267,Inf
Mycobacterium_smegmatis,NC_031124,Inf
Mycobacterium_smegmatis,NC_031102,Inf
Mycobacterium_smegmatis,NC_031035,Inf
Mycobacterium_smegmatis,NC_029093,Inf
Mycobacterium_smegmatis,NC_029079,Inf
Mycobacterium_smegmatis,NC_028979,Inf
Mycobacterium_smegmatis,NC_028978,Inf
Mycobacterium_smegmatis,NC_028947,Inf
Mycobacterium_smegmatis,NC_028936,Inf
Mycobacterium_smegmatis,NC_028922,Inf
Mycobacterium_smegmatis,NC_028878,Inf
Mycobacterium_smegmatis,NC_028861,Inf
Mycobacterium_smegmatis,NC_028846,Inf
Mycobacterium_smegmatis,NC_028843,Inf
Mycobacterium_smegmatis,NC_028832,Inf
Mycobacterium_smegmatis,NC_028813,Inf
Mycobacterium_smegmatis,NC_028798,Inf
Mycobacterium_smegmatis,NC_028792,Inf
Mycobacterium_smegmatis,NC_028791,Inf
Mycobacterium_smegmatis,NC_028785,Inf
Mycobacterium_smegmatis,NC_028778,Inf
Mycobacterium_smegmatis,NC_028759,Inf
Mycobacterium_smegmatis,NC_028751,Inf
Mycobacterium_smegmatis,NC_028687,Inf
Mycobacterium_smegmatis,NC_027365,Inf
Mycobacterium_smegmatis,NC_026604,Inf
Mycobacterium_smegmatis,NC_026603,Inf
Mycobacterium_smegmatis,NC_026598,Inf
Mycobacterium_smegmatis,NC_026593,Inf
Mycobacterium_smegmatis,NC_026591,Inf
Mycobacterium_smegmatis,NC_024366,Inf
Mycobacterium_smegmatis,NC_024147,Inf
Mycobacterium_smegmatis,NC_023747,Inf
Mycobacterium_smegmatis,NC_023732,Inf
Mycobacterium_smegmatis,NC_023724,Inf
Mycobacterium_smegmatis,NC_023721,Inf
Mycobacterium_smegmatis,NC_023705,Inf
Mycobacterium_smegmatis,NC_023689,Inf
Mycobacterium_smegmatis,NC_023498,Inf
Mycobacterium_smegmatis,NC_022988,Inf
Mycobacterium_smegmatis,NC_022981,Inf
Mycobacterium_smegmatis,NC_022976,Inf
Mycobacterium_smegmatis,NC_022969,Inf
Mycobacterium_smegmatis,NC_022085,Inf
Mycobacterium_smegmatis,NC_022065,Inf
Mycobacterium_smegmatis,NC_022060,Inf
Mycobacterium_smegmatis,NC_022059,Inf
Mycobacterium_smegmatis,NC_022055,Inf
Mycobacterium_smegmatis,NC_021538,Inf
Mycobacterium_smegmatis,NC_021311,Inf
Mycobacterium_smegmatis,NC_021309,Inf
Mycobacterium_smegmatis,NC_021305,Inf
Mycobacterium_smegmatis,NC_021299,Inf
Mycobacterium_smegmatis,NC_015584,Inf
Mycobacterium_smegmatis,NC_014461,Inf
Mycobacterium_smegmatis,NC_014458,Inf
Mycobacterium_smegmatis,NC_012788,Inf
Bacillus_subtilis,NC_042133,Inf
Bacillus_cereus,NC_027355,Inf
Enterococcus_faecalis,NC_027335,Inf
Staphylococcus_aureus,NC_025426,Inf
Bacillus_pumilus,NC_020081,Inf
Enterococcus_faecalis,NC_009904,Inf
Staphylococcus_aureus,NC_007021,Inf
Lactobacillus_plantarum,NC_006565,Inf
Bacillus_megaterium,NC_042140,Inf
Listeria_monocytogenes,NC_042048,Inf
Listeria_monocytogenes,NC_041862,Inf
Bacillus_cereus,NC_031056,Inf
Staphylococcus_aureus,NC_030933,Inf
Enterococcus_faecalis,NC_029026,Inf
Bacillus_thuringiensis,NC_028890,Inf
Bacillus_megaterium,NC_027374,Inf
Bacillus_megaterium,NC_027366,Inf
Listeria_monocytogenes,NC_025440,Inf
Staphylococcus_aureus,NC_025416,Inf
Bacillus_thuringiensis,NC_024792,Inf
Listeria_monocytogenes,NC_024787,Inf
Listeria_monocytogenes,NC_024383,Inf
Listeria_monocytogenes,NC_024359,Inf
Listeria_monocytogenes,NC_024364,Inf
Listeria_monocytogenes,NC_024360,Inf
Staphylococcus_aureus,NC_005880,Inf
Bacillus_thuringiensis,NC_024216,Inf
Bacillus_cereus,NC_024137,Inf
Staphylococcus_aureus,NC_023009,Inf
Bacillus_subtilis,NC_022761,Inf
Listeria_monocytogenes,NC_020871,Inf
Staphylococcus_aureus,NC_019726,Inf
Staphylococcus_aureus,NC_019511,Inf
Staphylococcus_aureus,NC_019448,Inf
Bacillus_cereus,NC_018860,Inf
Bacillus_cereus,NC_018857,Inf
Listeria_monocytogenes,NC_009811,Inf
Listeria_monocytogenes,NC_007610,Inf
Staphylococcus_aureus,NC_007066,Inf
Salmonella_enterica,NC_042064,Inf
Salmonella_enterica,NC_042063,Inf
Salmonella_enterica,NC_042062,Inf
Corynebacterium_vitaeruminis,NC_042139,Inf
Acinetobacter_baumannii,NC_042137,Inf
Vibrio_harveyi,NC_042136,Inf
Enterococcus_faecalis,NC_042134,Inf
Gordonia_terrae,NC_042132,Inf
Pectobacterium_atrosepticum,NC_042131,Inf
Escherichia_coli,NC_042130,Inf
Escherichia_coli,NC_042129,Inf
Escherichia_coli,NC_042128,Inf
Enterococcus_faecalis,NC_042127,Inf
Enterococcus_faecalis,NC_042126,Inf
Enterococcus_faecalis,NC_042125,Inf
Acinetobacter_baumannii,NC_042124,Inf
Gordonia_terrae,NC_042123,Inf
Enterobacter_cloacae,NC_042122,Inf
Pantoea_agglomerans,NC_042120,Inf
Microbacterium_foliorum,NC_042119,Inf
Microbacterium_foliorum,NC_042118,Inf
Microbacterium_foliorum,NC_042117,Inf
Pseudomonas_aeruginosa,NC_042115,Inf
Pseudomonas_aeruginosa,NC_042113,Inf
Campylobacter_jejuni,NC_042112,Inf
Microbacterium_foliorum,NC_042111,Inf
Microbacterium_foliorum,NC_042110,Inf
Microbacterium_foliorum,NC_042109,Inf
Gordonia_terrae,NC_042108,Inf
Pseudomonas_tolaasii,NC_042107,Inf
Streptomyces_lividans,NC_042106,Inf
Streptomyces_viridochromogenes,NC_042105,Inf
Enterococcus_faecalis,NC_042101,Inf
Vibrio_alginolyticus,NC_042100,Inf
Microbacterium_foliorum,NC_042099,Inf
Erwinia_amylovora,NC_042098,Inf
Salmonella_enterica,NC_042097,Inf
Salmonella_enterica,NC_042096,Inf
Vibrio_harveyi,NC_042095,Inf
Vibrio_harveyi,NC_042094,Inf
Klebsiella_pneumoniae,NC_042093,Inf
Pseudomonas_syringae,NC_042092,Inf
Pseudomonas_syringae,NC_042091,Inf
Proteus_mirabilis,NC_042090,Inf
Gordonia_terrae,NC_042089,Inf
Gordonia_terrae,NC_042088,Inf
Corynebacterium_vitaeruminis,NC_042087,Inf
Corynebacterium_vitaeruminis,NC_042086,Inf
Corynebacterium_vitaeruminis,NC_042085,Inf
Escherichia_coli,NC_042084,Inf
Gluconobacter_cerinus,NC_042083,Inf
Pseudomonas_aeruginosa,NC_042081,Inf
Shigella_flexneri,NC_042078,Inf
Shigella_flexneri,NC_042077,Inf
Shigella_boydii,NC_042076,Inf
Shigella_flexneri,NC_042075,Inf
Vibrio_cholerae,NC_042074,Inf
Citrobacter_freundii,NC_042067,Inf
Salmonella_enterica,NC_042066,Inf
Salmonella_enterica,NC_042065,Inf
Pseudomonas_aeruginosa,NC_042060,Inf
Escherichia_coli,NC_042057,Inf
Erwinia_amylovora,NC_042056,Inf
Mycobacterium_smegmatis,NC_042055,Inf
Pseudomonas_syringae,NC_042054,Inf
Streptomyces_griseus,NC_042052,Inf
Streptomyces_griseus,NC_042051,Inf
Mycobacterium_smegmatis,NC_042050,Inf
Rhodobacter_capsulatus,NC_042049,Inf
Serratia_rubidaea,NC_042047,Inf
Escherichia_coli,NC_042046,Inf
Gordonia_terrae,NC_042045,Inf
Salmonella_enterica,NC_042044,Inf
Escherichia_coli,NC_042043,Inf
Streptomyces_scabiei,NC_042042,Inf
Klebsiella_pneumoniae,NC_042041,Inf
Rhodococcus_erythropolis,NC_042040,Inf
Shigella_flexneri,NC_042039,Inf
Salmonella_enterica,NC_042038,Inf
Mycobacterium_smegmatis,NC_042036,Inf
Mycobacterium_smegmatis,NC_042035,Inf
Mycobacterium_smegmatis,NC_042034,Inf
Mycobacterium_smegmatis,NC_042033,Inf
Mycobacterium_smegmatis,NC_042032,Inf
Mycobacterium_smegmatis,NC_042031,Inf
Mycobacterium_smegmatis,NC_042030,Inf
Edwardsiella_ictaluri,NC_042029,Inf
Acinetobacter_baumannii,NC_042028,Inf
Mycobacterium_smegmatis,NC_042027,Inf
Salmonella_enterica,NC_042025,Inf
Lactococcus_lactis,NC_042024,Inf
Enterococcus_faecalis,NC_042023,Inf
Enterococcus_faecalis,NC_042022,Inf
Enterococcus_faecalis,NC_042021,Inf
Aeromonas_salmonicida,NC_042019,Inf
Erwinia_amylovora,NC_042018,Inf
Shigella_flexneri,NC_042017,Inf
Streptomyces_griseus,NC_042016,Inf
Agrobacterium_tumefaciens,NC_042013,Inf
Streptomyces_griseus,NC_042012,Inf
Streptomyces_lividans,NC_042011,Inf
Streptomyces_griseus,NC_042010,Inf
Streptomyces_griseus,NC_042009,Inf
Streptomyces_viridochromogenes,NC_042008,Inf
Acinetobacter_pittii,NC_042007,Inf
Acinetobacter_pittii,NC_042006,Inf
Acinetobacter_baumannii,NC_042005,Inf
Acinetobacter_baumannii,NC_042004,Inf
Acinetobacter_baumannii,NC_042003,Inf
Acinetobacter_baumannii,NC_041998,Inf
Acidovorax_citrulli,NC_041997,Inf
Shigella_sonnei,NC_041995,Inf
Pseudomonas_fluorescens,NC_041994,Inf
Mycobacterium_smegmatis,NC_041993,Inf
Salmonella_enteritidis,NC_041991,Inf
Escherichia_coli,NC_041990,Inf
Mycobacterium_smegmatis,NC_041989,Inf
Mycobacterium_smegmatis,NC_041988,Inf
Mycobacterium_smegmatis,NC_041987,Inf
Mycobacterium_smegmatis,NC_041986,Inf
Mycobacterium_smegmatis,NC_041985,Inf
Mycobacterium_smegmatis,NC_041984,Inf
Mycobacterium_smegmatis,NC_041983,Inf
Mycobacterium_smegmatis,NC_041982,Inf
Klebsiella_pneumoniae,NC_041981,Inf
Enterobacter_aerogenes,NC_041980,Inf
Escherichia_coli,NC_041979,Inf
Erwinia_amylovora,NC_041978,Inf
Citrobacter_freundii,NC_041977,Inf
Brevibacillus_laterosporus,NC_041976,Inf
Erwinia_amylovora,NC_041975,Inf
Erwinia_amylovora,NC_041974,Inf
Erwinia_amylovora,NC_041973,Inf
Erwinia_amylovora,NC_041972,Inf
Mycobacterium_smegmatis,NC_041971,Inf
Mycobacterium_smegmatis,NC_041970,Inf
Mycobacterium_smegmatis,NC_041969,Inf
Pseudomonas_aeruginosa,NC_041968,Inf
Acinetobacter_baumannii,NC_041967,Inf
Acinetobacter_baumannii,NC_041966,Inf
Mycobacterium_smegmatis,NC_041965,Inf
Rhodobacter_capsulatus,NC_041963,Inf
Enterococcus_faecalis,NC_041960,Inf
Enterococcus_faecalis,NC_041959,Inf
Roseobacter_denitrificans,NC_041958,Inf
Propionibacterium_acnes,NC_041957,Inf
Propionibacterium_acnes,NC_041956,Inf
Propionibacterium_acnes,NC_041955,Inf
Propionibacterium_acnes,NC_041954,Inf
Pseudomonas_aeruginosa,NC_041953,Inf
Gordonia_terrae,NC_041950,Inf
Escherichia_coli,NC_041937,Inf
Escherichia_coli,NC_041936,Inf
Escherichia_coli,NC_041935,Inf
Pseudomonas_aeruginosa,NC_041934,Inf
Sinorhizobium_meliloti,NC_041929,Inf
Escherichia_coli,NC_041926,Inf
Proteus_mirabilis,NC_041925,Inf
Acinetobacter_baumannii,NC_041924,Inf
Salmonella_enterica,NC_041922,Inf
Dinoroseobacter_shibae,NC_041921,Inf
Escherichia_coli,NC_041920,Inf
Escherichia_coli,NC_041919,Inf
Geobacillus_stearothermophilus,NC_041918,Inf
Serratia_marcescens,NC_041917,Inf
Acinetobacter_baumannii,NC_041915,Inf
Acinetobacter_baumannii,NC_041914,Inf
Ralstonia_solanacearum,NC_041911,Inf
Vibrio_vulnificus,NC_041910,Inf
Paenibacillus_larvae,NC_041909,Inf
Rhizobium_etli,NC_041908,Inf
Pseudomonas_aeruginosa,NC_041907,Inf
Escherichia_coli,NC_041906,Inf
Acinetobacter_baumannii,NC_041905,Inf
Pseudomonas_aeruginosa,NC_041904,Inf
Pseudomonas_aeruginosa,NC_041903,Inf
Pseudomonas_aeruginosa,NC_041902,Inf
Mycobacterium_smegmatis,NC_041901,Inf
Klebsiella_pneumoniae,NC_041900,Inf
Klebsiella_pneumoniae,NC_041899,Inf
Escherichia_coli,NC_041898,Inf
Escherichia_coli,NC_041897,Inf
Campylobacter_jejuni,NC_041896,Inf
Propionibacterium_freudenreichii,NC_041895,Inf
Propionibacterium_freudenreichii,NC_041894,Inf
Propionibacterium_freudenreichii,NC_041893,Inf
Propionibacterium_freudenreichii,NC_041892,Inf
Propionibacterium_freudenreichii,NC_041891,Inf
Propionibacterium_freudenreichii,NC_041890,Inf
Streptomyces_azureus,NC_041889,Inf
Mycobacterium_smegmatis,NC_041888,Inf
Rhodococcus_erythropolis,NC_041887,Inf
Gordonia_terrae,NC_041886,Inf
Acinetobacter_baumannii,NC_041884,Inf
Gordonia_terrae,NC_041883,Inf
Mycobacterium_smegmatis,NC_041882,Inf
Pseudomonas_putida,NC_041881,Inf
Pseudomonas_putida,NC_041880,Inf
Pectobacterium_carotovorum,NC_041878,Inf
Pseudomonas_aeruginosa,NC_041877,Inf
Escherichia_coli,NC_041874,Inf
Escherichia_coli,NC_041873,Inf
Flavobacterium_psychrophilum,NC_041872,Inf
Escherichia_coli,NC_041871,Inf
Pseudomonas_aeruginosa,NC_041870,Inf
Escherichia_coli,NC_041869,Inf
Paenibacillus_larvae,NC_041867,Inf
Pseudomonas_aeruginosa,NC_041865,Inf
Escherichia_coli,NC_041864,Inf
Escherichia_coli,NC_041863,Inf
Enterococcus_faecalis,NC_041861,Inf
Streptomyces_venezuelae,NC_041860,Inf
Flavobacterium_psychrophilum,NC_041859,Inf
Bacillus_pumilus,NC_041858,Inf
Acinetobacter_baumannii,NC_041857,Inf
Streptomyces_coelicolor,NC_041856,Inf
Mycobacterium_smegmatis,NC_041855,Inf
Pectobacterium_atrosepticum,NC_041854,Inf
Mycobacterium_smegmatis,NC_041853,Inf
Mycobacterium_smegmatis,NC_041852,Inf
Mycobacterium_smegmatis,NC_041850,Inf
Escherichia_coli,NC_041848,Inf
Mycobacterium_smegmatis,NC_041847,Inf
Mycobacterium_smegmatis,NC_041846,Inf
Flavobacterium_columnare,NC_041845,Inf
Mycobacterium_smegmatis,NC_041844,Inf
Erwinia_amylovora,NC_031107,Inf
Xanthomonas_arboricola,NC_030937,Inf
Xanthomonas_arboricola,NC_030928,Inf
Propionibacterium_acnes,NC_027392,Inf
Propionibacterium_acnes,NC_027380,Inf
Propionibacterium_acnes,NC_027376,Inf
Propionibacterium_acnes,NC_027347,Inf
Propionibacterium_acnes,NC_027405,Inf
Propionibacterium_acnes,NC_027403,Inf
Propionibacterium_acnes,NC_022339,Inf
Lactococcus_lactis,NC_013154,Inf
Lactococcus_lactis,NC_013153,Inf
Propionibacterium_acnes,NC_031119,Inf
Propionibacterium_acnes,NC_031084,Inf
Propionibacterium_acnes,NC_031005,Inf
Propionibacterium_acnes,NC_031003,Inf
Propionibacterium_acnes,NC_027630,Inf
Propionibacterium_acnes,NC_027629,Inf
Propionibacterium_acnes,NC_027628,Inf
Propionibacterium_acnes,NC_027627,Inf
Propionibacterium_acnes,NC_027626,Inf
Propionibacterium_acnes,NC_027625,Inf
Propionibacterium_acnes,NC_027624,Inf
Propionibacterium_acnes,NC_027623,Inf
Propionibacterium_acnes,NC_027622,Inf
Propionibacterium_acnes,NC_027621,Inf
Propionibacterium_acnes,NC_027620,Inf
Mycobacterium_smegmatis,NC_028968,Inf
Mycobacterium_smegmatis,NC_028942,Inf
Mycobacterium_smegmatis,NC_028934,Inf
Mycobacterium_smegmatis,NC_028907,Inf
Mycobacterium_smegmatis,NC_028803,Inf
Mycobacterium_smegmatis,NC_028801,Inf
Mycobacterium_smegmatis,NC_028742,Inf
Mycobacterium_smegmatis,NC_028691,Inf
Mycobacterium_smegmatis,NC_028690,Inf
Mycobacterium_smegmatis,NC_028689,Inf
Mycobacterium_smegmatis,NC_028682,Inf
Mycobacterium_smegmatis,NC_028681,Inf
Mycobacterium_smegmatis,NC_028674,Inf
Mycobacterium_smegmatis,NC_028658,Inf
Mycobacterium_smegmatis,NC_027985,Inf
Mycobacterium_smegmatis,NC_025438,Inf
Mycobacterium_smegmatis,NC_024363,Inf
Mycobacterium_smegmatis,NC_023742,Inf
Mycobacterium_smegmatis,NC_023741,Inf
Mycobacterium_smegmatis,NC_023740,Inf
Mycobacterium_smegmatis,NC_023727,Inf
Mycobacterium_smegmatis,NC_023711,Inf
Mycobacterium_smegmatis,NC_023703,Inf
Mycobacterium_smegmatis,NC_023701,Inf
Mycobacterium_smegmatis,NC_023686,Inf
Mycobacterium_smegmatis,NC_023563,Inf
Mycobacterium_smegmatis,NC_023554,Inf
Mycobacterium_smegmatis,NC_022983,Inf
Mycobacterium_smegmatis,NC_022063,Inf
Mycobacterium_smegmatis,NC_021310,Inf
Gordonia_terrae,NC_031239,Inf
Gordonia_terrae,NC_031112,Inf
Enterococcus_faecalis,NC_028693,Inf
Mycobacterium_smegmatis,NC_031277,Inf
Mycobacterium_smegmatis,NC_028965,Inf
Mycobacterium_smegmatis,NC_029043,Inf
Mycobacterium_smegmatis,NC_029018,Inf
Mycobacterium_smegmatis,NC_028960,Inf
Mycobacterium_smegmatis,NC_031279,Inf
Mycobacterium_smegmatis,NC_031263,Inf
Mycobacterium_smegmatis,NC_031256,Inf
Mycobacterium_smegmatis,NC_031257,Inf
Mycobacterium_smegmatis,NC_031238,Inf
Mycobacterium_smegmatis,NC_031067,Inf
Gordonia_terrae,NC_031060,Inf
Gordonia_terrae,NC_031031,Inf
Gordonia_terrae,NC_030695,Inf
Gordonia_terrae,NC_030694,Inf
Mycobacterium_smegmatis,NC_029077,Inf
Mycobacterium_smegmatis,NC_029059,Inf
Mycobacterium_smegmatis,NC_028932,Inf
Mycobacterium_smegmatis,NC_028928,Inf
Mycobacterium_smegmatis,NC_028920,Inf
Mycobacterium_smegmatis,NC_028914,Inf
Mycobacterium_smegmatis,NC_028912,Inf
Mycobacterium_smegmatis,NC_028897,Inf
Mycobacterium_smegmatis,NC_028877,Inf
Mycobacterium_smegmatis,NC_028860,Inf
Mycobacterium_smegmatis,NC_028852,Inf
Mycobacterium_smegmatis,NC_028849,Inf
Mycobacterium_smegmatis,NC_028815,Inf
Mycobacterium_smegmatis,NC_028810,Inf
Mycobacterium_smegmatis,NC_028804,Inf
Mycobacterium_smegmatis,NC_028794,Inf
Mycobacterium_smegmatis,NC_028744,Inf
Mycobacterium_smegmatis,NC_028680,Inf
Rhodococcus_erythropolis,NC_028677,Inf
Mycobacterium_smegmatis,NC_026583,Inf
Mycobacterium_smegmatis,NC_024148,Inf
Mycobacterium_smegmatis,NC_024141,Inf
Mycobacterium_smegmatis,NC_023739,Inf
Mycobacterium_smegmatis,NC_023731,Inf
Mycobacterium_smegmatis,NC_023726,Inf
Mycobacterium_smegmatis,NC_023723,Inf
Mycobacterium_smegmatis,NC_023720,Inf
Mycobacterium_smegmatis,NC_023713,Inf
Mycobacterium_smegmatis,NC_023709,Inf
Mycobacterium_smegmatis,NC_023708,Inf
Mycobacterium_smegmatis,NC_023707,Inf
Mycobacterium_smegmatis,NC_023704,Inf
Mycobacterium_smegmatis,NC_023687,Inf
Mycobacterium_smegmatis,NC_023609,Inf
Mycobacterium_smegmatis,NC_023553,Inf
Mycobacterium_smegmatis,NC_023565,Inf
Mycobacterium_smegmatis,NC_023564,Inf
Mycobacterium_smegmatis,NC_023562,Inf
Mycobacterium_smegmatis,NC_022985,Inf
Mycobacterium_smegmatis,NC_022984,Inf
Mycobacterium_smegmatis,NC_022979,Inf
Mycobacterium_smegmatis,NC_022977,Inf
Mycobacterium_smegmatis,NC_022973,Inf
Mycobacterium_smegmatis,NC_022965,Inf
Mycobacterium_smegmatis,NC_022329,Inf
Mycobacterium_smegmatis,NC_022087,Inf
Mycobacterium_smegmatis,NC_022086,Inf
Mycobacterium_smegmatis,NC_022070,Inf
Mycobacterium_smegmatis,NC_022058,Inf
Mycobacterium_smegmatis,NC_021535,Inf
Mycobacterium_smegmatis,NC_021308,Inf
Mycobacterium_smegmatis,NC_021307,Inf
Mycobacterium_smegmatis,NC_021297,Inf
Mycobacterium_smegmatis,NC_013694,Inf
Pectobacterium_carotovorum,NC_031068,Inf
Paracoccus_marcusii,NC_026608,Inf
Pseudomonas_aeruginosa,NC_027345,Inf
Enterococcus_faecalis,NC_028671,Inf
Streptomyces_avermitilis,NC_029005,Inf
Acinetobacter_baumannii,NC_028987,Inf
Clostridium_perfringens,NC_011318,Inf
Staphylococcus_aureus,NC_007060,Inf
Staphylococcus_aureus,NC_007055,Inf
Staphylococcus_aureus,NC_007053,Inf
Staphylococcus_aureus,NC_005356,Inf
Bacillus_cereus,NC_004821,Inf
Bacillus_cereus,NC_004820,Inf
Staphylococcus_aureus,NC_004740,Inf
Streptococcus_pyogenes,NC_004589,Inf
Streptococcus_pyogenes,NC_004588,Inf
Streptococcus_pyogenes,NC_004587,Inf
Streptococcus_pyogenes,NC_004586,Inf
Streptococcus_pyogenes,NC_004585,Inf
Pseudomonas_syringae,NC_004170,Inf
Escherichia_coli,NC_000924,Inf
Escherichia_coli,NC_028808,Inf
Salmonella_enterica,NC_004775,Inf
Escherichia_coli,NC_028935,Inf
Gordonia_terrae,NC_031255,Inf
Clostridium_difficile,NC_029048,Inf
Delftia_tsuruhatensis,NC_027348,Inf
Salmonella_enterica,NC_029003,Inf
Salmonella_enterica,NC_028696,Inf
Salmonella_enterica,NC_031045,Inf
Salmonella_enterica,NC_031021,Inf
Salmonella_enterica,NC_029015,Inf
Salmonella_enterica,NC_028701,Inf
Escherichia_coli,NC_031937,Inf
Salmonella_enterica,NC_031933,Inf
Salmonella_enterica,NC_031925,Inf
Salmonella_enterica,NC_031918,Inf
Salmonella_enterica,NC_031946,Inf
Escherichia_coli,NC_031943,Inf
Salmonella_enterica,NC_031940,Inf
Salmonella_enterica,NC_031939,Inf
Gordonia_alkanivorans,NC_031936,Inf
Escherichia_coli,NC_031934,Inf
Flavobacterium_psychrophilum,NC_031932,Inf
Flavobacterium_psychrophilum,NC_031931,Inf
Salmonella_enterica,NC_031930,Inf
Escherichia_coli,NC_031928,Inf
Flavobacterium_psychrophilum,NC_031926,Inf
Klebsiella_pneumoniae,NC_031924,Inf
Flavobacterium_psychrophilum,NC_031919,Inf
Pseudoalteromonas_atlantica,NC_031917,Inf
Flavobacterium_psychrophilum,NC_031914,Inf
Flavobacterium_psychrophilum,NC_031912,Inf
Flavobacterium_psychrophilum,NC_031911,Inf
Campylobacter_jejuni,NC_031909,Inf
Pseudoalteromonas_marina,NC_031908,Inf
Flavobacterium_psychrophilum,NC_031905,Inf
Flavobacterium_psychrophilum,NC_031904,Inf
Salmonella_enterica,NC_031902,Inf
Flavobacterium_psychrophilum,NC_031945,Inf
Flavobacterium_psychrophilum,NC_031921,Inf
Mycobacterium_smegmatis,NC_022331,Inf
Pseudomonas_aeruginosa,NC_031274,Inf
Gordonia_terrae,NC_031265,Inf
Mycobacterium_smegmatis,NC_031253,Inf
Gordonia_terrae,NC_031247,Inf
Gordonia_terrae,NC_031230,Inf
Salmonella_enterica,NC_031228,Inf
Salmonella_enterica,NC_031250,Inf
Gordonia_terrae,NC_031249,Inf
Klebsiella_pneumoniae,NC_031246,Inf
Gordonia_terrae,NC_031237,Inf
Gordonia_terrae,NC_031234,Inf
Gordonia_terrae,NC_031229,Inf
Acinetobacter_baumannii,NC_031280,Inf
Salmonella_enterica,NC_031271,Inf
Enterococcus_faecium,NC_031260,Inf
Salmonella_enterica,NC_031258,Inf
Staphylococcus_epidermidis,NC_031241,Inf
Shewanella_putrefaciens,NC_023594,Inf
Salmonella_enterica,NC_031129,Inf
Salmonella_enterica,NC_031128,Inf
Erwinia_amylovora,NC_031127,Inf
Gordonia_terrae,NC_031122,Inf
Bacillus_thuringiensis,NC_031121,Inf
Erwinia_amylovora,NC_031120,Inf
Acinetobacter_baumannii,NC_031117,Inf
Escherichia_coli,NC_031114,Inf
Pseudomonas_aeruginosa,NC_031110,Inf
Gordonia_terrae,NC_031109,Inf
Propionibacterium_freudenreichii,NC_031108,Inf
Pseudomonas_aeruginosa,NC_031104,Inf
Escherichia_coli,NC_031103,Inf
Bacillus_thuringiensis,NC_031100,Inf
Acinetobacter_baumannii,NC_031098,Inf
Gordonia_terrae,NC_031097,Inf
Pectobacterium_atrosepticum,NC_031096,Inf
Citrobacter_freundii,NC_031092,Inf
Shigella_sonnei,NC_031090,Inf
Klebsiella_pneumoniae,NC_031087,Inf
Escherichia_coli,NC_031082,Inf
Escherichia_coli,NC_031081,Inf
Mycobacterium_smegmatis,NC_031080,Inf
Streptomyces_griseus,NC_031078,Inf
Propionibacterium_freudenreichii,NC_031076,Inf
Lactococcus_lactis,NC_031075,Inf
Gordonia_terrae,NC_031074,Inf
Gordonia_terrae,NC_031072,Inf
Lactococcus_lactis,NC_031071,Inf
Bacillus_thuringiensis,NC_031070,Inf
Citrobacter_freundii,NC_031066,Inf
Lactococcus_lactis,NC_031064,Inf
Pseudomonas_aeruginosa,NC_031063,Inf
Bacillus_cereus,NC_031055,Inf
Bacillus_thuringiensis,NC_031054,Inf
Gordonia_terrae,NC_031052,Inf
Escherichia_coli,NC_031050,Inf
Bacillus_thuringiensis,NC_031049,Inf
Escherichia_coli,NC_031047,Inf
Staphylococcus_aureus,NC_031046,Inf
Lactococcus_lactis,NC_031044,Inf
Erwinia_amylovora,NC_031043,Inf
Salmonella_typhimurium,NC_031042,Inf
Lactococcus_lactis,NC_031040,Inf
Bacillus_thuringiensis,NC_031037,Inf
Lactobacillus_casei,NC_031036,Inf
Escherichia_coli,NC_031030,Inf
Gordonia_terrae,NC_031029,Inf
Gordonia_terrae,NC_031028,Inf
Bacillus_thuringiensis,NC_031027,Inf
Salmonella_typhimurium,NC_031026,Inf
Klebsiella_pneumoniae,NC_031025,Inf
Shigella_sonnei,NC_031022,Inf
Citrobacter_freundii,NC_031018,Inf
Lactococcus_lactis,NC_031017,Inf
Bacillus_thuringiensis,NC_031015,Inf
Pseudomonas_syringae,NC_031014,Inf
Lactococcus_lactis,NC_031013,Inf
Bacillus_thuringiensis,NC_031012,Inf
Shigella_sonnei,NC_031011,Inf
Erwinia_amylovora,NC_031010,Inf
Lactococcus_lactis,NC_031009,Inf
Erwinia_amylovora,NC_031007,Inf
Gordonia_terrae,NC_031004,Inf
Gordonia_terrae,NC_031001,Inf
Escherichia_coli,NC_031113,Inf
Pseudomonas_aeruginosa,NC_031091,Inf
Enterococcus_faecalis,NC_031051,Inf
Salmonella_enterica,NC_031019,Inf
Shigella_sonnei,NC_031085,Inf
Bacillus_thuringiensis,NC_031034,Inf
Bacillus_thuringiensis,NC_031024,Inf
Lactococcus_garvieae,NC_031016,Inf
Lactococcus_lactis,NC_031002,Inf
Citrobacter_freundii,NC_031123,Inf
Acinetobacter_baumannii,NC_031086,Inf
Bacillus_subtilis,NC_031039,Inf
Bacillus_thuringiensis,NC_031006,Inf
Erwinia_amylovora,NC_031126,Inf
Lactobacillus_casei,NC_031125,Inf
Bacillus_thuringiensis,NC_031116,Inf
Gordonia_terrae,NC_031099,Inf
Streptococcus_thermophilus,NC_031094,Inf
Pseudomonas_aeruginosa,NC_031073,Inf
Streptococcus_thermophilus,NC_031069,Inf
Streptococcus_thermophilus,NC_031023,Inf
Shigella_sonnei,NC_030953,Inf
Clostridium_tetani,NC_030951,Inf
Clostridium_tetani,NC_030949,Inf
Bacillus_alcalophilus,NC_030945,Inf
Gordonia_terrae,NC_030944,Inf
Gordonia_terrae,NC_030942,Inf
Gordonia_terrae,NC_030941,Inf
Gordonia_terrae,NC_030936,Inf
Pseudomonas_aeruginosa,NC_030929,Inf
Gordonia_terrae,NC_030924,Inf
Pseudomonas_putida,NC_030923,Inf
Bacillus_megaterium,NC_030920,Inf
Tsukamurella_paurometabola,NC_030916,Inf
Gordonia_terrae,NC_030914,Inf
Gordonia_neofelifaecis,NC_030912,Inf
Pseudomonas_aeruginosa,NC_030910,Inf
Gordonia_malaquae,NC_030906,Inf
Gordonia_terrae,NC_030905,Inf
Bacillus_halmapalus,NC_030904,Inf
Gordonia_terrae,NC_030901,Inf
Pseudomonas_aeruginosa,NC_030940,Inf
Gordonia_malaquae,NC_030939,Inf
Gordonia_sputi,NC_030932,Inf
Pseudomonas_aeruginosa,NC_030931,Inf
Gordonia_terrae,NC_030930,Inf
Gordonia_terrae,NC_030927,Inf
Salmonella_enterica,NC_030919,Inf
Pseudomonas_aeruginosa,NC_030918,Inf
Gordonia_terrae,NC_030917,Inf
Gordonia_terrae,NC_030915,Inf
Gordonia_terrae,NC_030913,Inf
Gordonia_terrae,NC_030911,Inf
Pseudomonas_aeruginosa,NC_030908,Inf
Gordonia_malaquae,NC_030907,Inf
Gordonia_malaquae,NC_030902,Inf
Clostridium_tetani,NC_030950,Inf
Clostridium_tetani,NC_030947,Inf
Gordonia_terrae,NC_030696,Inf
Bacillus_thuringiensis,NC_028748,Inf
Yersinia_enterocolitica,NC_019919,Inf
Pseudomonas_aeruginosa,NC_029083,Inf
Shigella_sonnei,NC_029120,Inf
Staphylococcus_epidermidis,NC_029119,Inf
Lactococcus_garvieae,NC_029118,Inf
Clostridium_difficile,NC_029116,Inf
Ralstonia_solanacearum,NC_029107,Inf
Brevibacillus_laterosporus,NC_029104,Inf
Klebsiella_pneumoniae,NC_029099,Inf
Streptomyces_lividans,NC_029098,Inf
Rhodobacter_capsulatus,NC_029097,Inf
Pseudoalteromonas_marina,NC_029094,Inf
Paenibacillus_larvae,NC_029084,Inf
Pectobacterium_atrosepticum,NC_029081,Inf
Achromobacter_xylosoxidans,NC_029075,Inf
Salmonella_paratyphi,NC_029072,Inf
Salmonella_typhimurium,NC_029071,Inf
Lactobacillus_fermentum,NC_029068,Inf
Lactobacillus_fermentum,NC_029058,Inf
Vibrio_parahaemolyticus,NC_029057,Inf
Salmonella_paratyphi,NC_029050,Inf
Salmonella_gallinarum,NC_029045,Inf
Mycobacterium_smegmatis,NC_029044,Inf
Salmonella_typhi,NC_029042,Inf
Lactobacillus_gasseri,NC_024206,Inf
Bacillus_megaterium,NC_028777,Inf
Clostridium_tetani,NC_029022,Inf
Bacillus_thuringiensis,NC_029008,Inf
Clostridium_tetani,NC_029006,Inf
Clostridium_tetani,NC_029004,Inf
Clostridium_tetani,NC_028991,Inf
Bacillus_thuringiensis,NC_028886,Inf
Citrobacter_freundii,NC_028857,Inf
Bacillus_megaterium,NC_028856,Inf
Enterobacter_aerogenes,NC_028772,Inf
Clostridium_difficile,NC_028959,Inf
Clostridium_difficile,NC_028958,Inf
Clostridium_difficile,NC_028951,Inf
Clostridium_difficile,NC_028905,Inf
Clostridium_difficile,NC_028883,Inf
Clostridium_difficile,NC_028838,Inf
Clostridium_difficile,NC_028764,Inf
Streptococcus_mutans,NC_029030,Inf
Brevibacillus_laterosporus,NC_029029,Inf
Escherichia_coli,NC_029028,Inf
Staphylococcus_haemolyticus,NC_029025,Inf
Bacillus_cereus,NC_029024,Inf
Escherichia_coli,NC_029023,Inf
Escherichia_coli,NC_029021,Inf
Enterococcus_faecalis,NC_029016,Inf
Parabacteroides_merdae,NC_029014,Inf
Citrobacter_freundii,NC_029013,Inf
Parabacteroides_distasonis,NC_029012,Inf
Ralstonia_solanacearum,NC_029007,Inf
Escherichia_coli,NC_028997,Inf
Acinetobacter_soli,NC_028995,Inf
Enterococcus_faecalis,NC_028990,Inf
Ralstonia_solanacearum,NC_028988,Inf
Mycobacterium_smegmatis,NC_028986,Inf
Streptococcus_mutans,NC_028984,Inf
Pseudomonas_aeruginosa,NC_028980,Inf
Klebsiella_pneumoniae,NC_028977,Inf
Streptomyces_griseus,NC_028976,Inf
Streptomyces_griseus,NC_028974,Inf
Mannheimia_haemolytica,NC_028956,Inf
Rhodobacter_capsulatus,NC_028954,Inf
Streptomyces_flavovirens,NC_028952,Inf
Sinorhizobium_meliloti,NC_028945,Inf
Bacillus_thuringiensis,NC_028944,Inf
Escherichia_coli,NC_028943,Inf
Pseudomonas_aeruginosa,NC_028939,Inf
Pseudomonas_aeruginosa,NC_028933,Inf
Pseudomonas_aeruginosa,NC_028931,Inf
Listeria_monocytogenes,NC_028929,Inf
Escherichia_coli,NC_028927,Inf
Bacillus_megaterium,NC_028926,Inf
Escherichia_coli,NC_028925,Inf
Staphylococcus_aureus,NC_028917,Inf
Proteus_mirabilis,NC_028916,Inf
Staphylococcus_aureus,NC_028915,Inf
Lactobacillus_paracasei,NC_028911,Inf
Streptomyces_venezuelae,NC_028904,Inf
Escherichia_coli,NC_028903,Inf
Escherichia_coli,NC_028901,Inf
Lactococcus_lactis,NC_028900,Inf
Ralstonia_solanacearum,NC_028899,Inf
Mannheimia_haemolytica,NC_028898,Inf
Escherichia_coli,NC_028896,Inf
Vibrio_cholerae,NC_028895,Inf
Escherichia_coli,NC_028894,Inf
Streptomyces_griseus,NC_028892,Inf
Lactobacillus_paracasei,NC_028888,Inf
Pseudomonas_aeruginosa,NC_028882,Inf
Escherichia_coli,NC_028881,Inf
Pseudomonas_aeruginosa,NC_028879,Inf
Escherichia_coli,NC_028872,Inf
Listeria_monocytogenes,NC_028871,Inf
Klebsiella_pneumoniae,NC_028870,Inf
Mycobacterium_smegmatis,NC_028869,Inf
Staphylococcus_aureus,NC_028859,Inf
Paenibacillus_larvae,NC_028854,Inf
Mannheimia_haemolytica,NC_028853,Inf
Paenibacillus_larvae,NC_028851,Inf
Yersinia_enterocolitica,NC_028850,Inf
Acinetobacter_baumannii,NC_028848,Inf
Paenibacillus_larvae,NC_028841,Inf
Paenibacillus_larvae,NC_028837,Inf
Lactobacillus_paracasei,NC_028835,Inf
Achromobacter_xylosoxidans,NC_028834,Inf
Escherichia_coli,NC_028831,Inf
Lactobacillus_paracasei,NC_028830,Inf
Vibrio_alginolyticus,NC_028829,Inf
Streptomyces_venezuelae,NC_028827,Inf
Enterococcus_faecium,NC_028826,Inf
Escherichia_coli,NC_028825,Inf
Staphylococcus_epidermidis,NC_028821,Inf
Yersinia_enterocolitica,NC_028820,Inf
Pseudoalteromonas_marina,NC_028819,Inf
Streptomyces_griseus,NC_028818,Inf
Pseudomonas_aeruginosa,NC_028817,Inf
Klebsiella_pneumoniae,NC_028816,Inf
Proteus_mirabilis,NC_028812,Inf
Pseudomonas_aeruginosa,NC_028809,Inf
Streptomyces_flavovirens,NC_028807,Inf
Brevibacillus_laterosporus,NC_028805,Inf
Klebsiella_pneumoniae,NC_028800,Inf
Vibrio_cholerae,NC_028799,Inf
Paenibacillus_larvae,NC_028788,Inf
Klebsiella_pneumoniae,NC_028786,Inf
Lactobacillus_paracasei,NC_028783,Inf
Bacillus_megaterium,NC_028782,Inf
Escherichia_coli,NC_028776,Inf
Staphylococcus_aureus,NC_028775,Inf
Klebsiella_pneumoniae,NC_028774,Inf
Cronobacter_sakazakii,NC_028773,Inf
Pseudomonas_aeruginosa,NC_028770,Inf
Achromobacter_xylosoxidans,NC_028768,Inf
Paenibacillus_larvae,NC_028767,Inf
Mannheimia_haemolytica,NC_028766,Inf
Proteus_mirabilis,NC_028762,Inf
Klebsiella_pneumoniae,NC_028760,Inf
Salmonella_enterica,NC_028754,Inf
Klebsiella_pneumoniae,NC_028750,Inf
Brevibacillus_laterosporus,NC_028749,Inf
Paenibacillus_larvae,NC_028746,Inf
Citrobacter_freundii,NC_028247,Inf
Mannheimia_haemolytica,NC_028743,Inf
Salmonella_enterica,NC_028698,Inf
Klebsiella_pneumoniae,NC_028659,Inf
Streptococcus_pyogenes,NC_028700,Inf
Salmonella_enterica,NC_028699,Inf
Streptococcus_pyogenes,NC_028697,Inf
Propionibacterium_acnes,NC_028694,Inf
Klebsiella_pneumoniae,NC_028688,Inf
Shigella_sonnei,NC_028685,Inf
Acinetobacter_baumannii,NC_028684,Inf
Edwardsiella_ictaluri,NC_028683,Inf
Acinetobacter_baumannii,NC_028679,Inf
Sinorhizobium_meliloti,NC_028676,Inf
Acinetobacter_baumannii,NC_028675,Inf
Gordonia_malaquae,NC_028673,Inf
Klebsiella_pneumoniae,NC_028670,Inf
Staphylococcus_aureus,NC_028669,Inf
Gordonia_malaquae,NC_028668,Inf
Pseudomonas_aeruginosa,NC_028667,Inf
Streptococcus_parauberis,NC_028666,Inf
Gordonia_terrae,NC_028665,Inf
Klebsiella_pneumoniae,NC_028664,Inf
Mycobacterium_phlei,NC_028662,Inf
Pseudomonas_syringae,NC_028661,Inf
Escherichia_coli,NC_028660,Inf
Pseudomonas_aeruginosa,NC_028657,Inf
Escherichia_coli,NC_028656,Inf
Yersinia_enterocolitica,NC_028655,Inf
Gordonia_terrae,NC_028653,Inf
Pseudomonas_aeruginosa,NC_028652,Inf
Escherichia_coli,NC_028449,Inf
Escherichia_coli,NC_028448,Inf
Escherichia_coli,NC_028248,Inf
Vibrio_parahaemolyticus,NC_026610,Inf
Escherichia_coli,NC_024142,Inf
Vibrio_natriegens,NC_021529,Inf
Staphylococcus_hominis,NC_020490,Inf
Acinetobacter_baumannii,NC_018087,Inf
Escherichia_coli,NC_004914,Inf
Escherichia_coli,NC_004913,Inf
Pseudomonas_aeruginosa,NC_002484,Inf
Morganella_morganii,NC_011085,Inf
Escherichia_coli,NC_027995,Inf
Leuconostoc_mesenteroides,NC_027987,Inf
Escherichia_coli,NC_027983,Inf
Escherichia_coli,NC_027979,Inf
Escherichia_coli,NC_027994,Inf
Escherichia_coli,NC_027993,Inf
Staphylococcus_aureus,NC_027991,Inf
Escherichia_coli,NC_027984,Inf
Lactobacillus_fermentum,NC_027982,Inf
Vibrio_parahaemolyticus,NC_027981,Inf
Vibrio_cholerae,NC_027397,Inf
Escherichia_coli,NC_027395,Inf
Vibrio_cholerae,NC_027393,Inf
Propionibacterium_acnes,NC_027391,Inf
Proteus_mirabilis,NC_027390,Inf
Propionibacterium_acnes,NC_027389,Inf
Propionibacterium_acnes,NC_027386,Inf
Propionibacterium_acnes,NC_027385,Inf
Pseudomonas_aeruginosa,NC_027384,Inf
Escherichia_coli,NC_027383,Inf
Shigella_flexneri,NC_027382,Inf
Escherichia_coli,NC_027381,Inf
Proteus_mirabilis,NC_027379,Inf
Leuconostoc_mesenteroides,NC_027377,Inf
Propionibacterium_acnes,NC_027373,Inf
Propionibacterium_acnes,NC_027370,Inf
Propionibacterium_acnes,NC_027367,Inf
Proteus_mirabilis,NC_027363,Inf
Propionibacterium_acnes,NC_027362,Inf
Propionibacterium_acnes,NC_027361,Inf
Propionibacterium_acnes,NC_027359,Inf
Leuconostoc_mesenteroides,NC_027358,Inf
Propionibacterium_acnes,NC_027357,Inf
Escherichia_coli,NC_027356,Inf
Propionibacterium_acnes,NC_027354,Inf
Citrobacter_freundii,NC_027350,Inf
Propionibacterium_acnes,NC_027346,Inf
Proteus_mirabilis,NC_027342,Inf
Lactococcus_lactis,NC_027341,Inf
Shigella_flexneri,NC_027339,Inf
Escherichia_coli,NC_027337,Inf
Propionibacterium_acnes,NC_027336,Inf
Propionibacterium_acnes,NC_027333,Inf
Acinetobacter_baumannii,NC_027332,Inf
Citrobacter_freundii,NC_027331,Inf
Salmonella_enterica,NC_027329,Inf
Propionibacterium_acnes,NC_027401,Inf
Propionibacterium_acnes,NC_027400,Inf
Klebsiella_pneumoniae,NC_027399,Inf
Shigella_flexneri,NC_027398,Inf
Propionibacterium_acnes,NC_027371,Inf
Escherichia_coli,NC_027369,Inf
Vibrio_vulnificus,NC_027368,Inf
Escherichia_coli,NC_027364,Inf
Yersinia_pestis,NC_027353,Inf
Erwinia_amylovora,NC_027340,Inf
Escherichia_coli,NC_027330,Inf
Bacillus_megaterium,NC_027394,Inf
Escherichia_coli,NC_027378,Inf
Bacillus_megaterium,NC_027372,Inf
Propionibacterium_acnes,NC_027295,Inf
Salmonella_typhimurium,NC_027297,Inf
Propionibacterium_acnes,NC_027294,Inf
Pseudomonas_fluorescens,NC_027292,Inf
Citrobacter_freundii,NC_027293,Inf
Sinorhizobium_meliloti,NC_027204,Inf
Flavobacterium_columnare,NC_027125,Inf
Salmonella_enterica,NC_027119,Inf
Lactococcus_lactis,NC_027120,Inf
Escherichia_coli,NC_021190,Inf
Lactobacillus_delbrueckii,NC_026609,Inf
Mycobacterium_smegmatis,NC_026605,Inf
Mycobacterium_smegmatis,NC_026590,Inf
Mycobacterium_smegmatis,NC_026589,Inf
Salmonella_paratyphi,NC_026017,Inf
Staphylococcus_aureus,NC_026016,Inf
Escherichia_coli,NC_026014,Inf
Escherichia_coli,NC_025830,Inf
Vibrio_alginolyticus,NC_025822,Inf
Ralstonia_solanacearum,NC_025454,Inf
Enterococcus_faecalis,NC_025453,Inf
Escherichia_coli,NC_025446,Inf
Escherichia_coli,NC_025445,Inf
Escherichia_coli,NC_025441,Inf
Shigella_flexneri,NC_025437,Inf
Shigella_flexneri,NC_025434,Inf
Caulobacter_crescentus,NC_025422,Inf
Staphylococcus_xylosus,NC_025417,Inf
Staphylococcus_aureus,NC_025460,Inf
Escherichia_coli,NC_025448,Inf
Escherichia_coli,NC_025425,Inf
Escherichia_coli,NC_025419,Inf
Enterococcus_faecium,NC_025467,Inf
Enterococcus_faecalis,NC_025465,Inf
Acinetobacter_baumannii,NC_025462,Inf
Aeromonas_hydrophila,NC_025459,Inf
Acinetobacter_baumannii,NC_025457,Inf
Escherichia_coli,NC_025449,Inf
Escherichia_coli,NC_025447,Inf
Salmonella_enterica,NC_025443,Inf
Salmonella_enterica,NC_025442,Inf
Mesorhizobium_loti,NC_025431,Inf
Rhizobium_leguminosarum,NC_025429,Inf
Ruegeria_pomeroyi,NC_025428,Inf
Bacillus_thuringiensis,NC_025424,Inf
Escherichia_coli,NC_024125,Inf
Vibrio_cholerae,NC_024369,Inf
Ralstonia_solanacearum,NC_025115,Inf
Escherichia_coli,NC_024794,Inf
Vibrio_cholerae,NC_024791,Inf
Escherichia_coli,NC_024790,Inf
Acinetobacter_baumannii,NC_024785,Inf
Escherichia_coli,NC_024783,Inf
Pseudomonas_aeruginosa,NC_024782,Inf
Listeria_monocytogenes,NC_024392,Inf
Staphylococcus_aureus,NC_024391,Inf
Listeria_monocytogenes,NC_024387,Inf
Listeria_monocytogenes,NC_024384,Inf
Escherichia_coli,NC_024379,Inf
Listeria_monocytogenes,NC_024375,Inf
Mycobacterium_smegmatis,NC_024371,Inf
Dinoroseobacter_shibae,NC_024367,Inf
Pseudomonas_syringae,NC_024362,Inf
Enterococcus_faecium,NC_024356,Inf
Cronobacter_sakazakii,NC_024354,Inf
Pseudomonas_syringae,NC_024365,Inf
Pseudomonas_aeruginosa,NC_024330,Inf
Vibrio_anguillarum,NC_023863,Inf
Enterococcus_faecalis,NC_023595,Inf
Lactococcus_lactis,NC_024215,Inf
Lactococcus_lactis,NC_024214,Inf
Mycobacterium_smegmatis,NC_024209,Inf
Lactococcus_lactis,NC_024208,Inf
Lactococcus_lactis,NC_024203,Inf
Enterococcus_faecalis,NC_024212,Inf
Salmonella_enterica,NC_024204,Inf
Lactococcus_garvieae,NC_024149,Inf
Escherichia_coli,NC_024146,Inf
Escherichia_coli,NC_024139,Inf
Mycobacterium_smegmatis,NC_024138,Inf
Mycobacterium_smegmatis,NC_024135,Inf
Escherichia_coli,NC_024134,Inf
Serratia_marcescens,NC_024121,Inf
Edwardsiella_ictaluri,NC_021342,Inf
Brevibacillus_laterosporus,NC_022980,Inf
Bacillus_megaterium,NC_022774,Inf
Salmonella_typhimurium,NC_022768,Inf
Pectobacterium_carotovorum,NC_023865,Inf
Microbacterium_oxydans,NC_023859,Inf
Escherichia_coli,NC_023743,Inf
Mycobacterium_smegmatis,NC_023737,Inf
Ralstonia_solanacearum,NC_023736,Inf
Mycobacterium_smegmatis,NC_023733,Inf
Mycobacterium_smegmatis,NC_023725,Inf
Bacillus_megaterium,NC_023719,Inf
Cronobacter_sakazakii,NC_023717,Inf
Yersinia_pestis,NC_023715,Inf
Mycobacterium_smegmatis,NC_023714,Inf
Pseudomonas_aeruginosa,NC_023700,Inf
Mycobacterium_smegmatis,NC_023698,Inf
Mycobacterium_smegmatis,NC_023697,Inf
Mycobacterium_smegmatis,NC_023696,Inf
Mycobacterium_smegmatis,NC_023691,Inf
Aeromonas_salmonicida,NC_023688,Inf
Croceibacter_atlanticus,NC_023614,Inf
Geobacillus_kaustophilus,NC_023612,Inf
Vibrio_alginolyticus,NC_023605,Inf
Mycobacterium_smegmatis,NC_023604,Inf
Clavibacter_michiganensis,NC_023549,Inf
Mycobacterium_smegmatis,NC_023606,Inf
Bacillus_thuringiensis,NC_023599,Inf
Mycobacterium_smegmatis,NC_023597,Inf
Escherichia_coli,NC_023593,Inf
Mycobacterium_abscessus,NC_023591,Inf
Acinetobacter_baumannii,NC_023590,Inf
Shigella_boydii,NC_023589,Inf
Acinetobacter_baumannii,NC_023581,Inf
Erwinia_amylovora,NC_023579,Inf
Mycobacterium_smegmatis,NC_023578,Inf
Acinetobacter_baumannii,NC_023570,Inf
Vibrio_parahaemolyticus,NC_023569,Inf
Enterobacter_cloacae,NC_023561,Inf
Erwinia_amylovora,NC_023557,Inf
Achromobacter_xylosoxidans,NC_023556,Inf
Edwardsiella_ictaluri,NC_023555,Inf
Erwinia_amylovora,NC_023610,Inf
Salmonella_enterica,NC_023608,Inf
Pseudomonas_aeruginosa,NC_023583,Inf
Citrobacter_rodentium,NC_023576,Inf
Pseudomonas_aeruginosa,NC_023575,Inf
Vibrio_harveyi,NC_023568,Inf
Citrobacter_rodentium,NC_023548,Inf
Rhizobium_leguminosarum,NC_023502,Inf
Staphylococcus_aureus,NC_023500,Inf
Staphylococcus_aureus,NC_023499,Inf
Bacillus_megaterium,NC_022764,Inf
Lactobacillus_delbrueckii,NC_022762,Inf
Bacillus_pumilus,NC_022773,Inf
Salmonella_enteritidis,NC_022772,Inf
Bacillus_megaterium,NC_022770,Inf
Bacillus_megaterium,NC_022767,Inf
Bacillus_pumilus,NC_022766,Inf
Bacillus_pumilus,NC_022765,Inf
Escherichia_coli,NC_012223,Inf
Lactobacillus_delbrueckii,NC_022989,Inf
Pseudomonas_aeruginosa,NC_015294,Inf
Pseudomonas_aeruginosa,NC_022986,Inf
Pseudomonas_aeruginosa,NC_022974,Inf
Pseudomonas_aeruginosa,NC_022971,Inf
Pseudomonas_aeruginosa,NC_022970,Inf
Escherichia_coli,NC_022968,Inf
Pseudomonas_aeruginosa,NC_022967,Inf
Pseudomonas_aeruginosa,NC_022966,Inf
Ralstonia_solanacearum,NC_022917,Inf
Burkholderia_cenocepacia,NC_022916,Inf
Ralstonia_solanacearum,NC_022915,Inf
Staphylococcus_saprophyticus,NC_022914,Inf
Streptococcus_thermophilus,NC_022776,Inf
Lactobacillus_paracasei,NC_022757,Inf
Lactobacillus_paracasei,NC_022756,Inf
Salmonella_enteritidis,NC_022754,Inf
Mycobacterium_smegmatis,NC_022753,Inf
Salmonella_enteritidis,NC_022752,Inf
Phormidium_foveolarum,NC_022751,Inf
Escherichia_coli,NC_022750,Inf
Shigella_flexneri,NC_022749,Inf
Vibrio_cholerae,NC_022747,Inf
Pseudomonas_aeruginosa,NC_022746,Inf
Propionibacterium_acnes,NC_022342,Inf
Propionibacterium_acnes,NC_022341,Inf
Propionibacterium_acnes,NC_022340,Inf
Propionibacterium_acnes,NC_022338,Inf
Propionibacterium_acnes,NC_022337,Inf
Propionibacterium_acnes,NC_022336,Inf
Propionibacterium_acnes,NC_022335,Inf
Propionibacterium_acnes,NC_022334,Inf
Mycobacterium_smegmatis,NC_022330,Inf
Mycobacterium_smegmatis,NC_022328,Inf
Escherichia_coli,NC_022323,Inf
Staphylococcus_aureus,NC_021773,Inf
Pseudomonas_aeruginosa,NC_022096,Inf
Bacillus_anthracis,NC_022094,Inf
Pseudomonas_aeruginosa,NC_022091,Inf
Mycobacterium_smegmatis,NC_022069,Inf
Mycobacterium_smegmatis,NC_022053,Inf
Paenibacillus_larvae,NC_021865,Inf
Staphylococcus_aureus,NC_021863,Inf
Lactococcus_lactis,NC_021861,Inf
Cellulophaga_baltica,NC_021806,Inf
Cellulophaga_baltica,NC_021805,Inf
Cellulophaga_baltica,NC_021804,Inf
Cellulophaga_baltica,NC_021803,Inf
Cellulophaga_baltica,NC_021802,Inf
Cellulophaga_baltica,NC_021800,Inf
Cellulophaga_baltica,NC_021799,Inf
Cellulophaga_baltica,NC_021798,Inf
Cellulophaga_baltica,NC_021797,Inf
Cellulophaga_baltica,NC_021796,Inf
Cellulophaga_baltica,NC_021795,Inf
Cellulophaga_baltica,NC_021794,Inf
Cellulophaga_baltica,NC_021793,Inf
Cellulophaga_baltica,NC_021792,Inf
Cellulophaga_baltica,NC_021791,Inf
Cellulophaga_baltica,NC_021790,Inf
Cellulophaga_baltica,NC_021789,Inf
Cellulophaga_baltica,NC_021788,Inf
Flavobacterium_psychrophilum,NC_021867,Inf
Ralstonia_solanacearum,NC_021866,Inf
Ralstonia_solanacearum,NC_021862,Inf
Salmonella_enterica,NC_021774,Inf
Vibrio_parahaemolyticus,NC_021776,Inf
Mycobacterium_tuberculosis,NC_021556,Inf
Rhizobium_radiobacter,NC_021560,Inf
Prochlorococcus_marinus,NC_021559,Inf
Paenibacillus_glucanolyticus,NC_021558,Inf
Rhizobium_radiobacter,NC_021557,Inf
Vibrio_cholerae,NC_021540,Inf
Mycobacterium_smegmatis,NC_021533,Inf
Alteromonas_macleodii,NC_021532,Inf
Escherichia_coli,NC_021344,Inf
Mycobacterium_smegmatis,NC_021349,Inf
Mycobacterium_smegmatis,NC_021348,Inf
Mycobacterium_smegmatis,NC_021346,Inf
Burkholderia_pseudomallei,NC_021343,Inf
Streptomyces_lividans,NC_021339,Inf
Mycobacterium_tuberculosis,NC_021338,Inf
Bacillus_weihenstephanensis,NC_021336,Inf
Staphylococcus_aureus,NC_021332,Inf
Shigella_flexneri,NC_021331,Inf
Staphylococcus_aureus,NC_021326,Inf
Clostridium_perfringens,NC_021325,Inf
Mycobacterium_smegmatis,NC_021324,Inf
Staphylococcus_aureus,NC_021323,Inf
Mycobacterium_tuberculosis,NC_021318,Inf
Salmonella_gallinarum,NC_021317,Inf
Acinetobacter_baumannii,NC_021316,Inf
Streptomyces_lividans,NC_021304,Inf
Streptomyces_lividans,NC_021298,Inf
Pseudomonas_fluorescens,NC_018850,Inf
Xanthomonas_citri,NC_019933,Inf
Vibrio_splendidus,NC_021073,Inf
Vibrio_splendidus,NC_021070,Inf
Vibrio_fischeri,NC_021068,Inf
Vibrio_splendidus,NC_021067,Inf
Pseudomonas_fluorescens,NC_021062,Inf
Escherichia_coli,NC_019419,Inf
Bacillus_subtilis,NC_020883,Inf
Staphylococcus_aureus,NC_020877,Inf
Mycobacterium_smegmatis,NC_020876,Inf
Prochlorococcus_marinus,NC_020878,Inf
Prochlorococcus_marinus,NC_020874,Inf
Prochlorococcus_marinus,NC_020872,Inf
Vibrio_parahaemolyticus,NC_020868,Inf
Vibrio_natriegens,NC_020863,Inf
Vibrio_parahaemolyticus,NC_020850,Inf
Vibrio_parahaemolyticus,NC_020848,Inf
Prochlorococcus_marinus,NC_020835,Inf
Rhodobacter_capsulatus,NC_020489,Inf
Vibrio_vulnificus,NC_020488,Inf
Bacillus_pumilus,NC_020480,Inf
Bacillus_pumilus,NC_020479,Inf
Bacillus_pumilus,NC_020478,Inf
Bacillus_pumilus,NC_020477,Inf
Salmonella_enterica,NC_020416,Inf
Salmonella_enterica,NC_020414,Inf
Klebsiella_pneumoniae,NC_020080,Inf
Escherichia_coli,NC_020079,Inf
Cronobacter_sakazakii,NC_020078,Inf
Xanthomonas_citri,NC_020205,Inf
Klebsiella_pneumoniae,NC_020204,Inf
Pectobacterium_atrosepticum,NC_020201,Inf
Streptococcus_thermophilus,NC_020197,Inf
Sphingomonas_paucimobilis,NC_019521,Inf
Escherichia_coli,NC_019704,Inf
Cronobacter_sakazakii,NC_019934,Inf
Erwinia_amylovora,NC_019932,Inf
Helicobacter_pylori,NC_019931,Inf
Tetrasphaera_jenkinsii,NC_019930,Inf
Erwinia_amylovora,NC_019929,Inf
Cronobacter_sakazakii,NC_019927,Inf
Clostridium_sporogenes,NC_019924,Inf
Burkholderia_cenocepacia,NC_019917,Inf
Staphylococcus_capitis,NC_019915,Inf
Staphylococcus_hominis,NC_019914,Inf
Pseudomonas_aeruginosa,NC_019913,Inf
Bacillus_thuringiensis,NC_019912,Inf
Yersinia_enterocolitica,NC_019909,Inf
Pseudomonas_aeruginosa,NC_019813,Inf
Escherichia_coli,NC_019769,Inf
Escherichia_coli,NC_019768,Inf
Escherichia_coli,NC_019767,Inf
Escherichia_coli,NC_019724,Inf
Escherichia_coli,NC_019723,Inf
Vibrio_parahaemolyticus,NC_019722,Inf
Escherichia_coli,NC_019721,Inf
Escherichia_coli,NC_019720,Inf
Escherichia_coli,NC_019719,Inf
Escherichia_coli,NC_019718,Inf
Escherichia_coli,NC_019717,Inf
Escherichia_coli,NC_019716,Inf
Escherichia_coli,NC_019715,Inf
Escherichia_coli,NC_019714,Inf
Vibrio_parahaemolyticus,NC_019713,Inf
Escherichia_coli,NC_019711,Inf
Escherichia_coli,NC_019710,Inf
Escherichia_coli,NC_019709,Inf
Escherichia_coli,NC_019708,Inf
Escherichia_coli,NC_019707,Inf
Escherichia_coli,NC_019706,Inf
Escherichia_coli,NC_019705,Inf
Ralstonia_solanacearum,NC_019548,Inf
Salmonella_typhimurium,NC_019545,Inf
Aeromonas_salmonicida,NC_019543,Inf
Acinetobacter_baumannii,NC_019541,Inf
Salinivibrio_costicola,NC_019540,Inf
Salmonella_enterica,NC_019539,Inf
Aeromonas_hydrophila,NC_019538,Inf
Vibrio_parahaemolyticus,NC_019529,Inf
Aeromonas_salmonicida,NC_019528,Inf
Aeromonas_salmonicida,NC_019527,Inf
Bdellovibrio_bacteriovorus,NC_019525,Inf
Clostridium_perfringens,NC_019523,Inf
Pectobacterium_carotovorum,NC_019522,Inf
Vibrio_cholerae,NC_019518,Inf
Bacillus_cereus,NC_019515,Inf
Staphylococcus_aureus,NC_019513,Inf
Helicobacter_pylori,NC_019512,Inf
Cronobacter_sakazakii,NC_019509,Inf
Clostridium_perfringens,NC_019508,Inf
Clostridium_perfringens,NC_019506,Inf
Escherichia_coli,NC_019505,Inf
Escherichia_coli,NC_019503,Inf
Bacillus_thuringiensis,NC_019502,Inf
Escherichia_coli,NC_019501,Inf
Escherichia_coli,NC_019500,Inf
Clostridium_perfringens,NC_019496,Inf
Riemerella_anatipestifer,NC_019490,Inf
Salmonella_enterica,NC_019488,Inf
Enterobacter_cloacae,NC_019485,Inf
Vibrio_cholerae,NC_019457,Inf
Lactobacillus_delbrueckii,NC_019456,Inf
Haemophilus_parasuis,NC_019455,Inf
Pantoea_agglomerans,NC_019454,Inf
Caulobacter_crescentus,NC_019453,Inf
Pseudomonas_aeruginosa,NC_019450,Inf
Lactobacillus_delbrueckii,NC_019449,Inf
Brucella_melitensis,NC_019447,Inf
Brucella_abortus,NC_019446,Inf
Escherichia_coli,NC_019445,Inf
Escherichia_coli,NC_019442,Inf
Pseudomonas_aeruginosa,NC_017674,Inf
Escherichia_coli,NC_019423,Inf
Clostridium_difficile,NC_019422,Inf
Clostridium_difficile,NC_019421,Inf
Streptococcus_suis,NC_019418,Inf
Streptomyces_coelicolor,NC_019414,Inf
Caulobacter_crescentus,NC_019411,Inf
Caulobacter_crescentus,NC_019410,Inf
Caulobacter_crescentus,NC_019408,Inf
Caulobacter_crescentus,NC_019407,Inf
Caulobacter_crescentus,NC_019406,Inf
Caulobacter_crescentus,NC_019405,Inf
Escherichia_coli,NC_019404,Inf
Escherichia_coli,NC_019403,Inf
Cronobacter_sakazakii,NC_019402,Inf
Cronobacter_sakazakii,NC_019400,Inf
Escherichia_coli,NC_019399,Inf
Cronobacter_sakazakii,NC_019398,Inf
Escherichia_coli,NC_018859,Inf
Escherichia_coli,NC_018855,Inf
Escherichia_coli,NC_018854,Inf
Streptomyces_avermitilis,NC_018853,Inf
Propionibacterium_acnes,NC_018852,Inf
Propionibacterium_acnes,NC_018851,Inf
Propionibacterium_acnes,NC_018849,Inf
Streptomyces_venezuelae,NC_018848,Inf
Propionibacterium_acnes,NC_018847,Inf
Escherichia_coli,NC_018846,Inf
Propionibacterium_acnes,NC_018845,Inf
Salmonella_enterica,NC_018843,Inf
Propionibacterium_acnes,NC_018842,Inf
Propionibacterium_acnes,NC_018841,Inf
Propionibacterium_acnes,NC_018840,Inf
Propionibacterium_acnes,NC_018839,Inf
Propionibacterium_acnes,NC_018838,Inf
Streptomyces_coelicolor,NC_018836,Inf
Escherichia_coli,NC_018835,Inf
Propionibacterium_acnes,NC_018834,Inf
Providencia_stuartii,NC_018832,Inf
Pseudomonas_putida,NC_017971,Inf
Burkholderia_cepacia,NC_018452,Inf
Burkholderia_cenocepacia,NC_018283,Inf
Pseudomonas_aeruginosa,NC_018282,Inf
Salmonella_serovar,NC_018279,Inf
Burkholderia_cenocepacia,NC_018278,Inf
Croceibacter_atlanticus,NC_018276,Inf
Pseudomonas_aeruginosa,NC_018274,Inf
Leuconostoc_mesenteroides,NC_018273,Inf
Weissella_cibaria,NC_018270,Inf
Staphylococcus_pasteuri,NC_018277,Inf
Salmonella_serovar,NC_018275,Inf
Streptococcus_salivarius,NC_018285,Inf
Colwellia_psychrerythaea,NC_018088,Inf
Enterococcus_faecalis,NC_018086,Inf
Bacillus_thuringiensis,NC_018085,Inf
Clostridium_perfringens,NC_018084,Inf
Clostridium_perfringens,NC_018083,Inf
Xanthomonas_vesicatoria,NC_017981,Inf
Bacillus_cereus,NC_017976,Inf
Cronobacter_sakazakii,NC_017974,Inf
Pseudomonas_putida,NC_017972,Inf
Acinetobacter_baumannii,NC_017984,Inf
Clostridium_perfringens,NC_017978,Inf
Mycobacterium_smegmatis,NC_017973,Inf
Escherichia_coli,NC_017969,Inf
Staphylococcus_aureus,NC_017968,Inf
Pseudomonas_aeruginosa,NC_017864,Inf
Pseudomonas_aeruginosa,NC_017865,Inf
Enterococcus_faecalis,NC_017732,Inf
Lactococcus_lactis,NC_017688,Inf
Salmonella_enterica,NC_016763,Inf
Bacteroides_fragilis,NC_016770,Inf
Erwinia_pyrifoliae,NC_016767,Inf
Pseudomonas_aeruginosa,NC_016765,Inf
Pseudomonas_aeruginosa,NC_016762,Inf
Salmonella_enterica,NC_006940,Inf
Rhodococcus_equi,NC_016655,Inf
Rhodococcus_equi,NC_016654,Inf
Rhodococcus_erythropolis,NC_016653,Inf
Rhodococcus_equi,NC_016652,Inf
Rhodococcus_rhodochrous,NC_016651,Inf
Rhodococcus_globerulus,NC_016650,Inf
Nocardia_brasiliensis,NC_016569,Inf
Escherichia_coli,NC_016570,Inf
Pseudomonas_fluorescens,NC_016571,Inf
Helicobacter_pylori,NC_016568,Inf
Staphylococcus_aureus,NC_016565,Inf
Shigella_sonnei,NC_016566,Inf
Salmonella_enteritidis,NC_016071,Inf
Gordonia_terrae,NC_016434,Inf
Gordonia_terrae,NC_016166,Inf
Yersinia_enterocolitica,NC_016163,Inf
Vibrio_cholerae,NC_016162,Inf
Mycobacterium_smegmatis,NC_009993,Inf
Escherichia_coli,NC_016160,Inf
Escherichia_coli,NC_016158,Inf
Burkholderia_cenocepacia,NC_012743,Inf
Salmonella_enterica,NC_015938,Inf
Thermus_thermophilus,NC_015937,Inf
Pantoea_agglomerans,NC_015585,Inf
Bdellovibrio_bacteriovorus,NC_015721,Inf
Gordonia_terrae,NC_015720,Inf
Clostridium_difficile,NC_015568,Inf
Campylobacter_jejuni,NC_015464,Inf
Vibrio_cholerae,NC_015209,Inf
Shigella_flexneri,NC_015457,Inf
Shigella_flexneri,NC_015456,Inf
Burkholderia_cenocepacia,NC_015273,Inf
Enterococcus_faecalis,NC_015270,Inf
Burkholderia_ambifaria,NC_015266,Inf
Burkholderia_cenocepacia,NC_015265,Inf
Lactococcus_lactis,NC_015263,Inf
Salmonella_enterica,NC_015296,Inf
Salmonella_enterica,NC_015271,Inf
Pseudomonas_fluorescens,NC_015264,Inf
Clostridium_difficile,NC_015262,Inf
Aeromonas_salmonicida,NC_015251,Inf
Acinetobacter_johnsonii,NC_015250,Inf
Escherichia_coli,NC_015249,Inf
Tsukamurella_paurometabola,NC_015210,Inf
Vibrio_cholerae,NC_015159,Inf
Vibrio_cholerae,NC_015158,Inf
Vibrio_cholerae,NC_015157,Inf
Salmonella_enterica,NC_014900,Inf
Escherichia_coli,NC_014792,Inf
Acinetobacter_johnsonii,NC_014663,Inf
Escherichia_coli,NC_014662,Inf
Acinetobacter_johnsonii,NC_014661,Inf
Aeromonas_salmonicida,NC_014636,Inf
Aeromonas_salmonicida,NC_014635,Inf
Shigella_sonnei,NC_014595,Inf
Staphylococcus_aureus,NC_014460,Inf
Escherichia_coli,NC_014467,Inf
Escherichia_coli,NC_014260,Inf
Streptomyces_avermitilis,NC_014229,Inf
Klebsiella_pneumoniae,NC_014036,Inf
Klebsiella_pneumoniae,NC_013649,Inf
Mycobacterium_smegmatis,NC_013936,Inf
Pseudomonas_aeruginosa,NC_013691,Inf
Pseudomonas_aeruginosa,NC_013692,Inf
Clavibacter_michiganensis,NC_013698,Inf
Enterococcus_faecalis,NC_013696,Inf
Klebsiella_pneumoniae,NC_013647,Inf
Mycobacterium_smegmatis,NC_013650,Inf
Pseudomonas_fluorescens,NC_013638,Inf
Escherichia_coli,NC_013594,Inf
Sodalis_glossinidius,NC_013600,Inf
Xylella_fastidiosa,NC_013599,Inf
Aggregatibacter_actinomycetemcomitans,NC_013597,Inf
Thermus_thermophilus,NC_013197,Inf
Staphylococcus_aureus,NC_013195,Inf
Lactococcus_lactis,NC_013152,Inf
Lactococcus_lactis,NC_013155,Inf
Salmonella_enterica,NC_013059,Inf
Burkholderia_pyrrocinia,NC_013055,Inf
Prochlorococcus_marinus,NC_013021,Inf
Escherichia_coli,NC_012868,Inf
Staphylococcus_aureus,NC_012784,Inf
Vibrio_cholerae,NC_012757,Inf
Streptococcus_oralis,NC_012756,Inf
Streptococcus_thermophilus,NC_012753,Inf
Escherichia_coli,NC_012749,Inf
Xanthomonas_campestris,NC_012742,Inf
Escherichia_coli,NC_012741,Inf
Escherichia_coli,NC_012740,Inf
Ruegeria_pomeroyi,NC_012697,Inf
Lactococcus_lactis,NC_012663,Inf
Vibrio_parahaemolyticus,NC_012662,Inf
Thermus_thermophilus,NC_004462,Inf
Pseudomonas_aeruginosa,NC_012418,Inf
Mycobacterium_smegmatis,NC_012027,Inf
Salmonella_enterica,NC_011976,Inf
Erwinia_amylovora,NC_011811,Inf
Salmonella_enterica,NC_011802,Inf
Lactobacillus_jensenii,NC_011801,Inf
Pseudomonas_aeruginosa,NC_011810,Inf
Pseudomonas_aeruginosa,NC_011756,Inf
Pseudomonas_aeruginosa,NC_011611,Inf
Staphylococcus_aureus,NC_011614,Inf
Staphylococcus_aureus,NC_011612,Inf
Bacillus_anthracis,NC_011523,Inf
Clostridium_difficile,NC_011398,Inf
Pseudomonas_aeruginosa,NC_011373,Inf
Escherichia_coli,NC_011357,Inf
Escherichia_coli,NC_011356,Inf
Staphylococcus_aureus,NC_011344,Inf
Mycobacterium_smegmatis,NC_011289,Inf
Mycobacterium_smegmatis,NC_011287,Inf
Mycobacterium_smegmatis,NC_011292,Inf
Mycobacterium_smegmatis,NC_011288,Inf
Mycobacterium_smegmatis,NC_011285,Inf
Mycobacterium_smegmatis,NC_011290,Inf
Mycobacterium_smegmatis,NC_011291,Inf
Mycobacterium_smegmatis,NC_011273,Inf
Bacteroides_fragilis,NC_011222,Inf
Burkholderia_cenocepacia,NC_011216,Inf
Ralstonia_solanacearum,NC_011201,Inf
Bacillus_thuringiensis,NC_011167,Inf
Pseudomonas_aeruginosa,NC_011166,Inf
Pseudomonas_aeruginosa,NC_011165,Inf
Lactobacillus_rhamnosus,NC_011104,Inf
Pseudomonas_aeruginosa,NC_011107,Inf
Bacillus_subtilis,NC_011048,Inf
Escherichia_coli,NC_011041,Inf
Mycobacterium_smegmatis,NC_011039,Inf
Mycobacterium_smegmatis,NC_011044,Inf
Yersinia_pestis,NC_011038,Inf
Escherichia_coli,NC_011045,Inf
Escherichia_coli,NC_011042,Inf
Escherichia_coli,NC_011040,Inf
Streptococcus_gordonii,NC_010945,Inf
Pseudomonas_chlororaphis,NC_010821,Inf
Salmonella_enterica,NC_010807,Inf
Staphylococcus_aureus,NC_010808,Inf
Escherichia_coli,NC_010583,Inf
Lactococcus_lactis,NC_010576,Inf
Escherichia_coli,NC_010237,Inf
Salmonella_enterica,NC_010495,Inf
Salmonella_typhimurium,NC_010463,Inf
Lactobacillus_johnsonii,NC_010179,Inf
Salmonella_typhimurium,NC_010393,Inf
Salmonella_typhimurium,NC_010392,Inf
Salmonella_typhimurium,NC_010391,Inf
Lactococcus_lactis,NC_010363,Inf
Azospirillum_brasilense,NC_010355,Inf
Streptococcus_thermophilus,NC_010353,Inf
Halomonas_aquamarina,NC_010342,Inf
Pseudomonas_aeruginosa,NC_010326,Inf
Pseudomonas_aeruginosa,NC_010325,Inf
Escherichia_coli,NC_010324,Inf
Staphylococcus_aureus,NC_010147,Inf
Pseudomonas_aeruginosa,NC_010116,Inf
Escherichia_coli,NC_010105,Inf
Escherichia_coli,NC_010106,Inf
Spiroplasma_kunkelii,NC_009987,Inf
Aeromonas_media,NC_009542,Inf
Pseudomonas_aeruginosa,NC_009936,Inf
Pseudomonas_aeruginosa,NC_009935,Inf
Pseudomonas_aeruginosa,NC_009818,Inf
Listeria_monocytogenes,NC_009815,Inf
Listeria_monocytogenes,NC_009814,Inf
Listeria_monocytogenes,NC_009813,Inf
Listeria_monocytogenes,NC_009812,Inf
Listeria_monocytogenes,NC_009810,Inf
Escherichia_coli,NC_009821,Inf
Mycobacterium_smegmatis,NC_009820,Inf
Streptococcus_equi,NC_009819,Inf
Corynebacterium_glutamicum,NC_009816,Inf
Thermus_thermophilus,NC_009804,Inf
Thermus_thermophilus,NC_009803,Inf
Bacillus_thuringiensis,NC_009760,Inf
Ralstonia_pickettii,NC_005131,Inf
Escherichia_coli,NC_007804,Inf
Actinomyces_naeslundii,NC_009643,Inf
Burkholderia_cenocepacia,NC_009604,Inf
Lactobacillus_delbrueckii,NC_009554,Inf
Leptolyngbya_foveolarum,NC_009551,Inf
Burkholderia_pseudomallei,NC_009235,Inf
Escherichia_coli,NC_009540,Inf
Propionibacterium_acnes,NC_009541,Inf
Staphylococcus_aureus,NC_009526,Inf
Escherichia_coli,NC_009514,Inf
Burkholderia_cepacia,NC_009447,Inf
Ralstonia_solanacearum,NC_009382,Inf
Burkholderia_thailandensis,NC_009237,Inf
Burkholderia_thailandensis,NC_009234,Inf
Burkholderia_pseudomallei,NC_009236,Inf
Clostridium_difficile,NC_009231,Inf
Streptococcus_dysgalactiae,NC_009018,Inf
Burkholderia_ambifaria,NC_009015,Inf
Vibrio_parahaemolyticus,NC_009016,Inf
Erwinia_amylovora,NC_009014,Inf
Staphylococcus_aureus,NC_008799,Inf
Staphylococcus_aureus,NC_008798,Inf
Staphylococcus_epidermidis,NC_008723,Inf
Staphylococcus_epidermidis,NC_008722,Inf
Pseudomonas_aeruginosa,NC_008717,Inf
Escherichia_coli,NC_008720,Inf
Yersinia_pestis,NC_008694,Inf
Staphylococcus_aureus,NC_008689,Inf
Ralstonia_solanacearum,NC_008575,Inf
Burkholderia_pseudomallei,NC_007145,Inf
Escherichia_coli,NC_008464,Inf
Lactococcus_lactis,NC_008371,Inf
Lactococcus_lactis,NC_008370,Inf
Lactococcus_lactis,NC_008364,Inf
Lactococcus_lactis,NC_008363,Inf
Clostridium_perfringens,NC_008265,Inf
Pasteurella_multocida,NC_008193,Inf
Aeromonas_salmonicida,NC_008208,Inf
Mannheimia_haemolytica,NC_008201,Inf
Escherichia_coli,NC_008152,Inf
Streptomyces_aureofaciens,NC_007967,Inf
Vibrio_parahaemolyticus,NC_005083,Inf
Burkholderia_cepacia,NC_005091,Inf
Clostridium_difficile,NC_007917,Inf
Lactobacillus_gasseri,NC_007924,Inf
Escherichia_coli,NC_007821,Inf
Escherichia_coli,NC_007817,Inf
Escherichia_coli,NC_007856,Inf
Sodalis_glossinidius,NC_007902,Inf
Pseudomonas_aeruginosa,NC_007810,Inf
Pseudomonas_aeruginosa,NC_007809,Inf
Pseudomonas_aeruginosa,NC_007808,Inf
Pseudomonas_aeruginosa,NC_007807,Inf
Pseudomonas_aeruginosa,NC_007806,Inf
Pseudomonas_aeruginosa,NC_007805,Inf
Bacillus_anthracis,NC_007814,Inf
Escherichia_coli,NC_007637,Inf
Pseudomonas_aeruginosa,NC_007623,Inf
Escherichia_coli,NC_007603,Inf
Clostridium_botulinum,NC_007581,Inf
Lactobacillus_rhamnosus,NC_007501,Inf
Burkholderia_cepacia,NC_007497,Inf
Bacillus_cereus,NC_007458,Inf
Escherichia_coli,NC_007291,Inf
Staphylococcus_aureus,NC_007064,Inf
Staphylococcus_aureus,NC_007063,Inf
Staphylococcus_aureus,NC_007062,Inf
Staphylococcus_aureus,NC_007061,Inf
Staphylococcus_aureus,NC_007059,Inf
Staphylococcus_aureus,NC_007058,Inf
Staphylococcus_aureus,NC_007057,Inf
Staphylococcus_aureus,NC_007056,Inf
Staphylococcus_aureus,NC_007054,Inf
Staphylococcus_aureus,NC_007052,Inf
Staphylococcus_aureus,NC_007051,Inf
Staphylococcus_aureus,NC_007049,Inf
Staphylococcus_aureus,NC_007048,Inf
Staphylococcus_aureus,NC_007046,Inf
Staphylococcus_aureus,NC_007045,Inf
Staphylococcus_aureus,NC_007050,Inf
Staphylococcus_aureus,NC_007065,Inf
Xanthomonas_campestris,NC_007024,Inf
Aeromonas_salmonicida,NC_007022,Inf
Streptococcus_thermophilus,NC_007019,Inf
Salmonella_typhimurium,NC_006949,Inf
Escherichia_coli,NC_003287,Inf
Bacillus_clarkii,NC_006557,Inf
Pseudomonas_aeruginosa,NC_006552,Inf
Pseudomonas_aeruginosa,NC_006548,Inf
Vibrio_cholerae,NC_006294,Inf
Salmonella_enterica,NC_002371,Inf
Vibrio_parahaemolyticus,NC_005948,Inf
Lactobacillus_casei,NC_005893,Inf
Burkholderia_cepacia,NC_005887,Inf
Pseudomonas_aeruginosa,NC_005884,Inf
Vibrio_cholerae,NC_005891,Inf
Vibrio_cholerae,NC_005879,Inf
Burkholderia_cepacia,NC_005342,Inf
Burkholderia_cepacia,NC_004333,Inf
Burkholderia_cenocepacia,NC_005263,Inf
Staphylococcus_aureus,NC_002661,Inf
Klebsiella_oxytoca,NC_005857,Inf
Escherichia_coli,NC_005859,Inf
Escherichia_coli,NC_005856,Inf
Salmonella_typhimurium,NC_005841,Inf
Escherichia_coli,NC_005833,Inf
Lactococcus_lactis,NC_005822,Inf
Bordetella_bronchiseptica,NC_005357,Inf
Lactobacillus_johnsonii,NC_005354,Inf
Lactobacillus_johnsonii,NC_005355,Inf
Shigella_flexneri,NC_005344,Inf
Streptomyces_lividans,NC_004664,Inf
Bacillus_thuringiensis,NC_005258,Inf
Aeromonas_hydrophila,NC_005260,Inf
Aeromonas_salmonicida,NC_005135,Inf
Yersinia_enterocolitica,NC_005069,Inf
Escherichia_coli,NC_005066,Inf
Escherichia_coli,NC_005056,Inf
Pseudomonas_aeruginosa,NC_005045,Inf
Streptococcus_mitis,NC_004996,Inf
Escherichia_coli,NC_004928,Inf
Xanthomonas_oryzae,NC_004902,Inf
Salmonella_typhimurium,NC_004831,Inf
Escherichia_coli,NC_004813,Inf
Yersinia_pestis,NC_004777,Inf
Lactococcus_lactis,NC_004746,Inf
Yersinia_pestis,NC_004745,Inf
Vibrio_cholerae,NC_004736,Inf
Rhodothermus_marinus,NC_004735,Inf
Listeria_monocytogenes,NC_003291,Inf
Staphylococcus_aureus,NC_004679,Inf
Staphylococcus_aureus,NC_004678,Inf
Pseudomonas_putida,NC_004665,Inf
Escherichia_coli,NC_000866,Inf
Staphylococcus_aureus,NC_004617,Inf
Staphylococcus_aureus,NC_004616,Inf
Staphylococcus_aureus,NC_004615,Inf
Streptococcus_pyogenes,NC_004584,Inf
Vibrio_harveyi,NC_004456,Inf
Vibrio_parahaemolyticus,NC_003907,Inf
Vibrio_cholerae,NC_003327,Inf
Salmonella_enterica,NC_004348,Inf
Salmonella_enterica,NC_004313,Inf
Streptococcus_thermophilus,NC_004303,Inf
Vibrio_cholerae,NC_004306,Inf
Lactococcus_lactis,NC_004302,Inf
Pseudomonas_syringae,NC_004175,Inf
Pseudomonas_syringae,NC_004174,Inf
Pseudomonas_syringae,NC_004173,Inf
Pseudomonas_syringae,NC_004172,Inf
Pseudomonas_syringae,NC_004171,Inf
Bacillus_subtilis,NC_004165,Inf
Lactobacillus_casei,NC_004112,Inf
Natrialba_magadii,NC_004084,Inf
Lactococcus_lactis,NC_004066,Inf
Spiroplasma_citri,NC_003793,Inf
Pseudomonas_syringae,NC_003716,Inf
Pseudomonas_syringae,NC_003715,Inf
Pseudomonas_syringae,NC_003714,Inf
Clostridium_perfringens,NC_003524,Inf
Propionibacterium_freudenreichii,NC_003460,Inf
Shigella_flexneri,NC_003444,Inf
Spiroplasma_melliferum,NC_003438,Inf
Mycobacterium_avium,NC_003387,Inf
Escherichia_coli,NC_003356,Inf
Sinorhizobium_meliloti,NC_003324,Inf
Haemophilus_influenzae,NC_003315,Inf
Burkholderia_thailandensis,NC_003309,Inf
Vibrio_cholerae,NC_003313,Inf
Pseudomonas_syringae,NC_003301,Inf
Pseudomonas_syringae,NC_003300,Inf
Pseudomonas_syringae,NC_003299,Inf
Escherichia_coli,NC_003298,Inf
Staphylococcus_aureus,NC_003288,Inf
Pseudomonas_aeruginosa,NC_003278,Inf
Listeria_monocytogenes,NC_003216,Inf
Myxococcus_xanthus,NC_003085,Inf
Lactococcus_lactis,NC_002796,Inf
Lactococcus_lactis,NC_002747,Inf
Escherichia_coli,NC_002730,Inf
Lactococcus_lactis,NC_002703,Inf
Lactococcus_lactis,NC_002671,Inf
Lactococcus_lactis,NC_002669,Inf
Lactococcus_lactis,NC_002668,Inf
Lactococcus_lactis,NC_002667,Inf
Lactococcus_lactis,NC_002666,Inf
Lactococcus_lactis,NC_002670,Inf
Mycobacterium_smegmatis,NC_002656,Inf
Bdellovibrio_bacteriovorus,NC_002643,Inf
Mycoplasma_pulmonis,NC_002515,Inf
Chlamydophila_pneumoniae,NC_002180,Inf
Staphylococcus_aureus,NC_002486,Inf
Vibrio_parahaemolyticus,NC_002363,Inf
Vibrio_parahaemolyticus,NC_002362,Inf
Staphylococcus_aureus,NC_002321,Inf
Streptococcus_thermophilus,NC_002185,Inf
Escherichia_coli,NC_002167,Inf
Yersinia_enterocolitica,NC_001271,Inf
Escherichia_coli,NC_000929,Inf
Escherichia_coli,NC_000902,Inf
Lactobacillus_gasseri,NC_000896,Inf
Streptococcus_thermophilus,NC_000872,Inf
Streptococcus_thermophilus,NC_000871,Inf
Chlamydia_psittaci,NC_001998,Inf
Vibrio_cholerae,NC_001956,Inf
Escherichia_coli,NC_001954,Inf
Mycoplasma_arthritidis,NC_001942,Inf
Lactococcus_lactis,NC_001909,Inf
Mycobacterium_tuberculosis,NC_001900,Inf
Escherichia_coli,NC_001895,Inf
Escherichia_coli,NC_001890,Inf
Bacillus_subtilis,NC_001884,Inf
Lactococcus_lactis,NC_001835,Inf
Chlamydia_psittaci,NC_001741,Inf
Lactococcus_lactis,NC_001706,Inf
Haemophilus_influenzae,NC_001697,Inf
Pseudomonas_aeruginosa,NC_001628,Inf
Escherichia_coli,NC_001609,Inf
Escherichia_coli,NC_001604,Inf
Acholeplasma_laidlawii,NC_001447,Inf
Escherichia_coli,NC_001426,Inf
Escherichia_coli,NC_001416,Inf
Escherichia_coli,NC_002014,Inf
Xanthomonas_campestris,NC_001396,Inf
Spiroplasma_citri,NC_001365,Inf
Acholeplasma_laidlawii,NC_001341,Inf
Escherichia_coli,NC_001332,Inf
Pseudomonas_aeruginosa,NC_001331,Inf
Escherichia_coli,NC_001330,Inf