	host	virus	Infection
0	S. aureus	PG-2021_9	1
1	S. aureus	PG-2021_38	1
2	S. aureus	PG-2021_16	1
3	S. aureus	PG-2021_84	1
4	S. aureus	PG-2021_15	1
5	S. aureus	PG-2021_45	1
6	S. aureus	PG-2021_17	1
7	S. aureus	PG-2021_10	1
8	S. aureus	PG-2021_86	1
9	S. aureus	PG-2021_85	0
10	S. aureus	PG-2021_48	1
11	S. aureus	PG-2021_2	0
12	S. aureus	PG-2021_29	0
13	S. aureus	PG-2021_87	1
14	S. aureus	PG-2021_8	1
15	S. aureus	PG-2021_64	1
16	S. aureus	PG-2021_47	1
17	S. aureus	PG-2021_34	1
18	S. aureus	PG-2021_20	0
19	S. aureus	PG-2021_49	1
20	S. aureus	PG-2021_18	1
21	S. aureus	PG-2021_21	0
22	S. aureus	PG-2021_30	0
23	S. aureus	PG-2021_35	0
24	S. aureus	PG-2021_36	0
25	S. aureus	PG-2021_69	0
26	S. aureus	PG-2021_58	0
27	S. aureus	PG-2021_57	0
28	S. aureus	PG-2021_65	0
29	S. aureus	PG-2021_81	0
30	S. aureus	PG-2021_83	0
31	S. aureus	PG-2021_66	0
32	S. aureus	PG-2021_56	0
33	S. aureus	PG-2021_71	0
34	S. aureus	PG-2021_1	1
35	S. aureus	PG-2021_62	0
36	S. aureus	PG-2021_75	0
37	S. aureus	PG-2021_61	0
38	S. aureus	PG-2021_79	0
39	S. aureus	PG-2021_60	0
40	S. aureus	PG-2021_5	0
41	S. aureus	PG-2021_74	0
42	S. aureus	PG-2021_88	0
43	S. aureus	PG-2021_82	0
44	S. aureus	PG-2021_44	0
45	S. aureus	PG-2021_80	0
46	S. aureus	PG-2021_54	0
47	S. aureus	PG-2021_63	1
48	S. aureus	PG-2021_73	0
49	S. aureus	PG-2021_72	0
50	S. aureus	PG-2021_7	1
51	S. aureus	PG-2021_25	0
52	S. aureus	PG-2021_19	0
53	S. aureus	PG-2021_78	1
54	S. aureus	PG-2021_3	1
55	S. aureus	PG-2021_77	0
56	S. aureus	PG-2021_37	1
57	S. aureus	PG-2021_53	1
58	S. aureus	PG-2021_70	0
59	S. aureus	PG-2021_55	0
60	S. aureus	PG-2021_50	1
61	S. aureus	PG-2021_51	1
62	S. aureus	PG-2021_59	0
63	S. aureus	PG-2021_28	1
64	S. aureus	PG-2021_27	1
65	S. aureus	PG-2021_46	0
66	S. aureus	PG-2021_33	1
67	S. aureus	PG-2021_31	0
68	S. aureus	PG-2021_32	0
69	S. aureus	PG-2021_76	0
70	S. aureus	PG-2021_42	1
71	S. aureus	PG-2021_12	1
72	S. aureus	PG-2021_14	1
73	S. aureus	PG-2021_23	1
74	S. aureus	PG-2021_24	1
75	S. aureus	PG-2021_40	1
76	S. aureus	PG-2021_39	1
77	S. aureus	PG-2021_41	0
78	S. aureus	PG-2021_26	0
79	S. aureus	PG-2021_11	1
80	S. aureus	PG-2021_13	1
81	S. aureus	PG-2021_43	1
82	S. aureus	PG-2021_22	1
83	S. aureus	PG-2021_4	1
84	S. aureus	PG-2021_68	1
85	S. aureus	PG-2021_52	1
86	S. aureus	PG-2021_67	0
87	S. aureus	PG-2021_6	0
88	S. aureus	PG-2021_90	0
89	S. aureus	PG-2021_94	0
90	S. aureus	PG-2021_93	0
91	S. aureus	PG-2021_89	0
92	S. capitis	PG-2021_9	1
93	S. capitis	PG-2021_38	1
94	S. capitis	PG-2021_16	1
95	S. capitis	PG-2021_84	1
96	S. capitis	PG-2021_15	1
97	S. capitis	PG-2021_45	1
98	S. capitis	PG-2021_17	1
99	S. capitis	PG-2021_10	1
100	S. capitis	PG-2021_86	1
101	S. capitis	PG-2021_85	1
102	S. capitis	PG-2021_48	1
103	S. capitis	PG-2021_2	1
104	S. capitis	PG-2021_29	1
105	S. capitis	PG-2021_87	1
106	S. capitis	PG-2021_8	1
107	S. capitis	PG-2021_64	1
108	S. capitis	PG-2021_47	1
109	S. capitis	PG-2021_34	1
110	S. capitis	PG-2021_20	1
111	S. capitis	PG-2021_49	1
112	S. capitis	PG-2021_18	1
113	S. capitis	PG-2021_21	1
114	S. capitis	PG-2021_30	1
115	S. capitis	PG-2021_35	1
116	S. capitis	PG-2021_36	1
117	S. capitis	PG-2021_69	1
118	S. capitis	PG-2021_58	1
119	S. capitis	PG-2021_57	1
120	S. capitis	PG-2021_65	1
121	S. capitis	PG-2021_81	1
122	S. capitis	PG-2021_83	1
123	S. capitis	PG-2021_66	1
124	S. capitis	PG-2021_56	1
125	S. capitis	PG-2021_71	0
126	S. capitis	PG-2021_1	0
127	S. capitis	PG-2021_62	0
128	S. capitis	PG-2021_75	0
129	S. capitis	PG-2021_61	0
130	S. capitis	PG-2021_79	0
131	S. capitis	PG-2021_60	0
132	S. capitis	PG-2021_5	0
133	S. capitis	PG-2021_74	0
134	S. capitis	PG-2021_88	0
135	S. capitis	PG-2021_82	0
136	S. capitis	PG-2021_44	0
137	S. capitis	PG-2021_80	0
138	S. capitis	PG-2021_54	0
139	S. capitis	PG-2021_63	1
140	S. capitis	PG-2021_73	1
141	S. capitis	PG-2021_72	0
142	S. capitis	PG-2021_7	1
143	S. capitis	PG-2021_25	1
144	S. capitis	PG-2021_19	1
145	S. capitis	PG-2021_78	1
146	S. capitis	PG-2021_3	1
147	S. capitis	PG-2021_77	1
148	S. capitis	PG-2021_37	1
149	S. capitis	PG-2021_53	1
150	S. capitis	PG-2021_70	0
151	S. capitis	PG-2021_55	0
152	S. capitis	PG-2021_50	0
153	S. capitis	PG-2021_51	0
154	S. capitis	PG-2021_59	1
155	S. capitis	PG-2021_28	0
156	S. capitis	PG-2021_27	0
157	S. capitis	PG-2021_46	0
158	S. capitis	PG-2021_33	0
159	S. capitis	PG-2021_31	0
160	S. capitis	PG-2021_32	0
161	S. capitis	PG-2021_76	0
162	S. capitis	PG-2021_42	0
163	S. capitis	PG-2021_12	0
164	S. capitis	PG-2021_14	0
165	S. capitis	PG-2021_23	0
166	S. capitis	PG-2021_24	0
167	S. capitis	PG-2021_40	0
168	S. capitis	PG-2021_39	0
169	S. capitis	PG-2021_41	0
170	S. capitis	PG-2021_26	0
171	S. capitis	PG-2021_11	0
172	S. capitis	PG-2021_13	0
173	S. capitis	PG-2021_43	0
174	S. capitis	PG-2021_22	0
175	S. capitis	PG-2021_4	0
176	S. capitis	PG-2021_68	0
177	S. capitis	PG-2021_52	0
178	S. capitis	PG-2021_67	0
179	S. capitis	PG-2021_6	0
180	S. capitis	PG-2021_90	0
181	S. capitis	PG-2021_94	0
182	S. capitis	PG-2021_93	0
183	S. capitis	PG-2021_89	0
184	S. chromogenes	PG-2021_9	1
185	S. chromogenes	PG-2021_38	1
186	S. chromogenes	PG-2021_16	1
187	S. chromogenes	PG-2021_84	1
188	S. chromogenes	PG-2021_15	1
189	S. chromogenes	PG-2021_45	1
190	S. chromogenes	PG-2021_17	1
191	S. chromogenes	PG-2021_10	1
192	S. chromogenes	PG-2021_86	1
193	S. chromogenes	PG-2021_85	1
194	S. chromogenes	PG-2021_48	1
195	S. chromogenes	PG-2021_2	1
196	S. chromogenes	PG-2021_29	1
197	S. chromogenes	PG-2021_87	1
198	S. chromogenes	PG-2021_8	1
199	S. chromogenes	PG-2021_64	1
200	S. chromogenes	PG-2021_47	1
201	S. chromogenes	PG-2021_34	1
202	S. chromogenes	PG-2021_20	1
203	S. chromogenes	PG-2021_49	1
204	S. chromogenes	PG-2021_18	1
205	S. chromogenes	PG-2021_21	1
206	S. chromogenes	PG-2021_30	1
207	S. chromogenes	PG-2021_35	0
208	S. chromogenes	PG-2021_36	0
209	S. chromogenes	PG-2021_69	0
210	S. chromogenes	PG-2021_58	0
211	S. chromogenes	PG-2021_57	0
212	S. chromogenes	PG-2021_65	0
213	S. chromogenes	PG-2021_81	0
214	S. chromogenes	PG-2021_83	0
215	S. chromogenes	PG-2021_66	0
216	S. chromogenes	PG-2021_56	0
217	S. chromogenes	PG-2021_71	0
218	S. chromogenes	PG-2021_1	0
219	S. chromogenes	PG-2021_62	0
220	S. chromogenes	PG-2021_75	0
221	S. chromogenes	PG-2021_61	0
222	S. chromogenes	PG-2021_79	0
223	S. chromogenes	PG-2021_60	0
224	S. chromogenes	PG-2021_5	0
225	S. chromogenes	PG-2021_74	0
226	S. chromogenes	PG-2021_88	0
227	S. chromogenes	PG-2021_82	0
228	S. chromogenes	PG-2021_44	0
229	S. chromogenes	PG-2021_80	0
230	S. chromogenes	PG-2021_54	0
231	S. chromogenes	PG-2021_63	0
232	S. chromogenes	PG-2021_73	0
233	S. chromogenes	PG-2021_72	0
234	S. chromogenes	PG-2021_7	1
235	S. chromogenes	PG-2021_25	0
236	S. chromogenes	PG-2021_19	0
237	S. chromogenes	PG-2021_78	0
238	S. chromogenes	PG-2021_3	0
239	S. chromogenes	PG-2021_77	0
240	S. chromogenes	PG-2021_37	0
241	S. chromogenes	PG-2021_53	0
242	S. chromogenes	PG-2021_70	0
243	S. chromogenes	PG-2021_55	0
244	S. chromogenes	PG-2021_50	0
245	S. chromogenes	PG-2021_51	0
246	S. chromogenes	PG-2021_59	0
247	S. chromogenes	PG-2021_28	0
248	S. chromogenes	PG-2021_27	0
249	S. chromogenes	PG-2021_46	0
250	S. chromogenes	PG-2021_33	0
251	S. chromogenes	PG-2021_31	0
252	S. chromogenes	PG-2021_32	0
253	S. chromogenes	PG-2021_76	0
254	S. chromogenes	PG-2021_42	1
255	S. chromogenes	PG-2021_12	1
256	S. chromogenes	PG-2021_14	1
257	S. chromogenes	PG-2021_23	1
258	S. chromogenes	PG-2021_24	1
259	S. chromogenes	PG-2021_40	1
260	S. chromogenes	PG-2021_39	1
261	S. chromogenes	PG-2021_41	1
262	S. chromogenes	PG-2021_26	1
263	S. chromogenes	PG-2021_11	0
264	S. chromogenes	PG-2021_13	0
265	S. chromogenes	PG-2021_43	0
266	S. chromogenes	PG-2021_22	0
267	S. chromogenes	PG-2021_4	0
268	S. chromogenes	PG-2021_68	0
269	S. chromogenes	PG-2021_52	0
270	S. chromogenes	PG-2021_67	0
271	S. chromogenes	PG-2021_6	0
272	S. chromogenes	PG-2021_90	0
273	S. chromogenes	PG-2021_94	0
274	S. chromogenes	PG-2021_93	0
275	S. chromogenes	PG-2021_89	0
276	S. cohnii	PG-2021_9	1
277	S. cohnii	PG-2021_38	0
278	S. cohnii	PG-2021_16	1
279	S. cohnii	PG-2021_84	1
280	S. cohnii	PG-2021_15	0
281	S. cohnii	PG-2021_45	0
282	S. cohnii	PG-2021_17	1
283	S. cohnii	PG-2021_10	1
284	S. cohnii	PG-2021_86	1
285	S. cohnii	PG-2021_85	1
286	S. cohnii	PG-2021_48	1
287	S. cohnii	PG-2021_2	0
288	S. cohnii	PG-2021_29	0
289	S. cohnii	PG-2021_87	1
290	S. cohnii	PG-2021_8	0
291	S. cohnii	PG-2021_64	0
292	S. cohnii	PG-2021_47	1
293	S. cohnii	PG-2021_34	0
294	S. cohnii	PG-2021_20	0
295	S. cohnii	PG-2021_49	1
296	S. cohnii	PG-2021_18	0
297	S. cohnii	PG-2021_21	0
298	S. cohnii	PG-2021_30	0
299	S. cohnii	PG-2021_35	1
300	S. cohnii	PG-2021_36	1
301	S. cohnii	PG-2021_69	0
302	S. cohnii	PG-2021_58	0
303	S. cohnii	PG-2021_57	0
304	S. cohnii	PG-2021_65	0
305	S. cohnii	PG-2021_81	0
306	S. cohnii	PG-2021_83	0
307	S. cohnii	PG-2021_66	0
308	S. cohnii	PG-2021_56	0
309	S. cohnii	PG-2021_71	0
310	S. cohnii	PG-2021_1	0
311	S. cohnii	PG-2021_62	0
312	S. cohnii	PG-2021_75	0
313	S. cohnii	PG-2021_61	0
314	S. cohnii	PG-2021_79	0
315	S. cohnii	PG-2021_60	0
316	S. cohnii	PG-2021_5	0
317	S. cohnii	PG-2021_74	0
318	S. cohnii	PG-2021_88	0
319	S. cohnii	PG-2021_82	0
320	S. cohnii	PG-2021_44	0
321	S. cohnii	PG-2021_80	0
322	S. cohnii	PG-2021_54	0
323	S. cohnii	PG-2021_63	1
324	S. cohnii	PG-2021_73	0
325	S. cohnii	PG-2021_72	0
326	S. cohnii	PG-2021_7	0
327	S. cohnii	PG-2021_25	1
328	S. cohnii	PG-2021_19	1
329	S. cohnii	PG-2021_78	1
330	S. cohnii	PG-2021_3	0
331	S. cohnii	PG-2021_77	0
332	S. cohnii	PG-2021_37	0
333	S. cohnii	PG-2021_53	0
334	S. cohnii	PG-2021_70	0
335	S. cohnii	PG-2021_55	0
336	S. cohnii	PG-2021_50	0
337	S. cohnii	PG-2021_51	0
338	S. cohnii	PG-2021_59	1
339	S. cohnii	PG-2021_28	0
340	S. cohnii	PG-2021_27	0
341	S. cohnii	PG-2021_46	0
342	S. cohnii	PG-2021_33	0
343	S. cohnii	PG-2021_31	0
344	S. cohnii	PG-2021_32	0
345	S. cohnii	PG-2021_76	0
346	S. cohnii	PG-2021_42	1
347	S. cohnii	PG-2021_12	1
348	S. cohnii	PG-2021_14	1
349	S. cohnii	PG-2021_23	1
350	S. cohnii	PG-2021_24	1
351	S. cohnii	PG-2021_40	0
352	S. cohnii	PG-2021_39	0
353	S. cohnii	PG-2021_41	1
354	S. cohnii	PG-2021_26	1
355	S. cohnii	PG-2021_11	1
356	S. cohnii	PG-2021_13	1
357	S. cohnii	PG-2021_43	1
358	S. cohnii	PG-2021_22	1
359	S. cohnii	PG-2021_4	0
360	S. cohnii	PG-2021_68	0
361	S. cohnii	PG-2021_52	0
362	S. cohnii	PG-2021_67	0
363	S. cohnii	PG-2021_6	0
364	S. cohnii	PG-2021_90	0
365	S. cohnii	PG-2021_94	0
366	S. cohnii	PG-2021_93	0
367	S. cohnii	PG-2021_89	0
368	S. epidermidis	PG-2021_9	1
369	S. epidermidis	PG-2021_38	1
370	S. epidermidis	PG-2021_16	1
371	S. epidermidis	PG-2021_84	1
372	S. epidermidis	PG-2021_15	1
373	S. epidermidis	PG-2021_45	1
374	S. epidermidis	PG-2021_17	1
375	S. epidermidis	PG-2021_10	1
376	S. epidermidis	PG-2021_86	1
377	S. epidermidis	PG-2021_85	1
378	S. epidermidis	PG-2021_48	1
379	S. epidermidis	PG-2021_2	1
380	S. epidermidis	PG-2021_29	1
381	S. epidermidis	PG-2021_87	1
382	S. epidermidis	PG-2021_8	1
383	S. epidermidis	PG-2021_64	1
384	S. epidermidis	PG-2021_47	1
385	S. epidermidis	PG-2021_34	1
386	S. epidermidis	PG-2021_20	1
387	S. epidermidis	PG-2021_49	1
388	S. epidermidis	PG-2021_18	1
389	S. epidermidis	PG-2021_21	1
390	S. epidermidis	PG-2021_30	1
391	S. epidermidis	PG-2021_35	1
392	S. epidermidis	PG-2021_36	1
393	S. epidermidis	PG-2021_69	1
394	S. epidermidis	PG-2021_58	1
395	S. epidermidis	PG-2021_57	1
396	S. epidermidis	PG-2021_65	1
397	S. epidermidis	PG-2021_81	1
398	S. epidermidis	PG-2021_83	1
399	S. epidermidis	PG-2021_66	1
400	S. epidermidis	PG-2021_56	1
401	S. epidermidis	PG-2021_71	1
402	S. epidermidis	PG-2021_1	1
403	S. epidermidis	PG-2021_62	1
404	S. epidermidis	PG-2021_75	1
405	S. epidermidis	PG-2021_61	1
406	S. epidermidis	PG-2021_79	1
407	S. epidermidis	PG-2021_60	1
408	S. epidermidis	PG-2021_5	1
409	S. epidermidis	PG-2021_74	1
410	S. epidermidis	PG-2021_88	1
411	S. epidermidis	PG-2021_82	1
412	S. epidermidis	PG-2021_44	1
413	S. epidermidis	PG-2021_80	1
414	S. epidermidis	PG-2021_54	1
415	S. epidermidis	PG-2021_63	1
416	S. epidermidis	PG-2021_73	1
417	S. epidermidis	PG-2021_72	1
418	S. epidermidis	PG-2021_7	1
419	S. epidermidis	PG-2021_25	0
420	S. epidermidis	PG-2021_19	0
421	S. epidermidis	PG-2021_78	0
422	S. epidermidis	PG-2021_3	0
423	S. epidermidis	PG-2021_77	0
424	S. epidermidis	PG-2021_37	0
425	S. epidermidis	PG-2021_53	0
426	S. epidermidis	PG-2021_70	1
427	S. epidermidis	PG-2021_55	1
428	S. epidermidis	PG-2021_50	0
429	S. epidermidis	PG-2021_51	0
430	S. epidermidis	PG-2021_59	0
431	S. epidermidis	PG-2021_28	0
432	S. epidermidis	PG-2021_27	0
433	S. epidermidis	PG-2021_46	1
434	S. epidermidis	PG-2021_33	0
435	S. epidermidis	PG-2021_31	0
436	S. epidermidis	PG-2021_32	0
437	S. epidermidis	PG-2021_76	0
438	S. epidermidis	PG-2021_42	0
439	S. epidermidis	PG-2021_12	0
440	S. epidermidis	PG-2021_14	0
441	S. epidermidis	PG-2021_23	0
442	S. epidermidis	PG-2021_24	0
443	S. epidermidis	PG-2021_40	0
444	S. epidermidis	PG-2021_39	0
445	S. epidermidis	PG-2021_41	0
446	S. epidermidis	PG-2021_26	0
447	S. epidermidis	PG-2021_11	0
448	S. epidermidis	PG-2021_13	0
449	S. epidermidis	PG-2021_43	0
450	S. epidermidis	PG-2021_22	0
451	S. epidermidis	PG-2021_4	1
452	S. epidermidis	PG-2021_68	0
453	S. epidermidis	PG-2021_52	0
454	S. epidermidis	PG-2021_67	0
455	S. epidermidis	PG-2021_6	0
456	S. epidermidis	PG-2021_90	1
457	S. epidermidis	PG-2021_94	1
458	S. epidermidis	PG-2021_93	1
459	S. epidermidis	PG-2021_89	1
460	S. equorum	PG-2021_9	1
461	S. equorum	PG-2021_38	1
462	S. equorum	PG-2021_16	1
463	S. equorum	PG-2021_84	1
464	S. equorum	PG-2021_15	1
465	S. equorum	PG-2021_45	1
466	S. equorum	PG-2021_17	1
467	S. equorum	PG-2021_10	1
468	S. equorum	PG-2021_86	1
469	S. equorum	PG-2021_85	1
470	S. equorum	PG-2021_48	1
471	S. equorum	PG-2021_2	1
472	S. equorum	PG-2021_29	1
473	S. equorum	PG-2021_87	1
474	S. equorum	PG-2021_8	1
475	S. equorum	PG-2021_64	1
476	S. equorum	PG-2021_47	1
477	S. equorum	PG-2021_34	1
478	S. equorum	PG-2021_20	1
479	S. equorum	PG-2021_49	1
480	S. equorum	PG-2021_18	1
481	S. equorum	PG-2021_21	1
482	S. equorum	PG-2021_30	1
483	S. equorum	PG-2021_35	0
484	S. equorum	PG-2021_36	0
485	S. equorum	PG-2021_69	0
486	S. equorum	PG-2021_58	0
487	S. equorum	PG-2021_57	0
488	S. equorum	PG-2021_65	0
489	S. equorum	PG-2021_81	0
490	S. equorum	PG-2021_83	0
491	S. equorum	PG-2021_66	0
492	S. equorum	PG-2021_56	0
493	S. equorum	PG-2021_71	0
494	S. equorum	PG-2021_1	0
495	S. equorum	PG-2021_62	0
496	S. equorum	PG-2021_75	0
497	S. equorum	PG-2021_61	0
498	S. equorum	PG-2021_79	0
499	S. equorum	PG-2021_60	0
500	S. equorum	PG-2021_5	0
501	S. equorum	PG-2021_74	0
502	S. equorum	PG-2021_88	0
503	S. equorum	PG-2021_82	0
504	S. equorum	PG-2021_44	0
505	S. equorum	PG-2021_80	0
506	S. equorum	PG-2021_54	0
507	S. equorum	PG-2021_63	0
508	S. equorum	PG-2021_73	0
509	S. equorum	PG-2021_72	0
510	S. equorum	PG-2021_7	1
511	S. equorum	PG-2021_25	0
512	S. equorum	PG-2021_19	0
513	S. equorum	PG-2021_78	0
514	S. equorum	PG-2021_3	0
515	S. equorum	PG-2021_77	0
516	S. equorum	PG-2021_37	0
517	S. equorum	PG-2021_53	0
518	S. equorum	PG-2021_70	0
519	S. equorum	PG-2021_55	0
520	S. equorum	PG-2021_50	0
521	S. equorum	PG-2021_51	0
522	S. equorum	PG-2021_59	0
523	S. equorum	PG-2021_28	0
524	S. equorum	PG-2021_27	0
525	S. equorum	PG-2021_46	0
526	S. equorum	PG-2021_33	0
527	S. equorum	PG-2021_31	0
528	S. equorum	PG-2021_32	0
529	S. equorum	PG-2021_76	0
530	S. equorum	PG-2021_42	1
531	S. equorum	PG-2021_12	1
532	S. equorum	PG-2021_14	1
533	S. equorum	PG-2021_23	1
534	S. equorum	PG-2021_24	1
535	S. equorum	PG-2021_40	1
536	S. equorum	PG-2021_39	1
537	S. equorum	PG-2021_41	1
538	S. equorum	PG-2021_26	1
539	S. equorum	PG-2021_11	1
540	S. equorum	PG-2021_13	1
541	S. equorum	PG-2021_43	0
542	S. equorum	PG-2021_22	0
543	S. equorum	PG-2021_4	0
544	S. equorum	PG-2021_68	0
545	S. equorum	PG-2021_52	0
546	S. equorum	PG-2021_67	0
547	S. equorum	PG-2021_6	0
548	S. equorum	PG-2021_90	0
549	S. equorum	PG-2021_94	0
550	S. equorum	PG-2021_93	0
551	S. equorum	PG-2021_89	0
552	S. kloosii	PG-2021_9	1
553	S. kloosii	PG-2021_38	0
554	S. kloosii	PG-2021_16	0
555	S. kloosii	PG-2021_84	0
556	S. kloosii	PG-2021_15	0
557	S. kloosii	PG-2021_45	0
558	S. kloosii	PG-2021_17	1
559	S. kloosii	PG-2021_10	0
560	S. kloosii	PG-2021_86	1
561	S. kloosii	PG-2021_85	0
562	S. kloosii	PG-2021_48	0
563	S. kloosii	PG-2021_2	0
564	S. kloosii	PG-2021_29	0
565	S. kloosii	PG-2021_87	0
566	S. kloosii	PG-2021_8	1
567	S. kloosii	PG-2021_64	1
568	S. kloosii	PG-2021_47	0
569	S. kloosii	PG-2021_34	1
570	S. kloosii	PG-2021_20	0
571	S. kloosii	PG-2021_49	0
572	S. kloosii	PG-2021_18	0
573	S. kloosii	PG-2021_21	0
574	S. kloosii	PG-2021_30	0
575	S. kloosii	PG-2021_35	0
576	S. kloosii	PG-2021_36	0
577	S. kloosii	PG-2021_69	0
578	S. kloosii	PG-2021_58	0
579	S. kloosii	PG-2021_57	0
580	S. kloosii	PG-2021_65	0
581	S. kloosii	PG-2021_81	0
582	S. kloosii	PG-2021_83	0
583	S. kloosii	PG-2021_66	0
584	S. kloosii	PG-2021_56	0
585	S. kloosii	PG-2021_71	0
586	S. kloosii	PG-2021_1	0
587	S. kloosii	PG-2021_62	0
588	S. kloosii	PG-2021_75	0
589	S. kloosii	PG-2021_61	0
590	S. kloosii	PG-2021_79	0
591	S. kloosii	PG-2021_60	0
592	S. kloosii	PG-2021_5	0
593	S. kloosii	PG-2021_74	0
594	S. kloosii	PG-2021_88	0
595	S. kloosii	PG-2021_82	0
596	S. kloosii	PG-2021_44	0
597	S. kloosii	PG-2021_80	0
598	S. kloosii	PG-2021_54	0
599	S. kloosii	PG-2021_63	0
600	S. kloosii	PG-2021_73	0
601	S. kloosii	PG-2021_72	0
602	S. kloosii	PG-2021_7	1
603	S. kloosii	PG-2021_25	1
604	S. kloosii	PG-2021_19	1
605	S. kloosii	PG-2021_78	0
606	S. kloosii	PG-2021_3	0
607	S. kloosii	PG-2021_77	0
608	S. kloosii	PG-2021_37	0
609	S. kloosii	PG-2021_53	0
610	S. kloosii	PG-2021_70	0
611	S. kloosii	PG-2021_55	0
612	S. kloosii	PG-2021_50	0
613	S. kloosii	PG-2021_51	0
614	S. kloosii	PG-2021_59	0
615	S. kloosii	PG-2021_28	0
616	S. kloosii	PG-2021_27	0
617	S. kloosii	PG-2021_46	0
618	S. kloosii	PG-2021_33	1
619	S. kloosii	PG-2021_31	1
620	S. kloosii	PG-2021_32	1
621	S. kloosii	PG-2021_76	1
622	S. kloosii	PG-2021_42	0
623	S. kloosii	PG-2021_12	1
624	S. kloosii	PG-2021_14	1
625	S. kloosii	PG-2021_23	0
626	S. kloosii	PG-2021_24	0
627	S. kloosii	PG-2021_40	1
628	S. kloosii	PG-2021_39	0
629	S. kloosii	PG-2021_41	1
630	S. kloosii	PG-2021_26	0
631	S. kloosii	PG-2021_11	1
632	S. kloosii	PG-2021_13	1
633	S. kloosii	PG-2021_43	1
634	S. kloosii	PG-2021_22	1
635	S. kloosii	PG-2021_4	0
636	S. kloosii	PG-2021_68	1
637	S. kloosii	PG-2021_52	0
638	S. kloosii	PG-2021_67	1
639	S. kloosii	PG-2021_6	0
640	S. kloosii	PG-2021_90	0
641	S. kloosii	PG-2021_94	0
642	S. kloosii	PG-2021_93	0
643	S. kloosii	PG-2021_89	0
644	S. lentus	PG-2021_9	1
645	S. lentus	PG-2021_38	0
646	S. lentus	PG-2021_16	0
647	S. lentus	PG-2021_84	0
648	S. lentus	PG-2021_15	0
649	S. lentus	PG-2021_45	0
650	S. lentus	PG-2021_17	1
651	S. lentus	PG-2021_10	1
652	S. lentus	PG-2021_86	0
653	S. lentus	PG-2021_85	1
654	S. lentus	PG-2021_48	0
655	S. lentus	PG-2021_2	0
656	S. lentus	PG-2021_29	0
657	S. lentus	PG-2021_87	1
658	S. lentus	PG-2021_8	0
659	S. lentus	PG-2021_64	0
660	S. lentus	PG-2021_47	0
661	S. lentus	PG-2021_34	0
662	S. lentus	PG-2021_20	0
663	S. lentus	PG-2021_49	0
664	S. lentus	PG-2021_18	0
665	S. lentus	PG-2021_21	0
666	S. lentus	PG-2021_30	0
667	S. lentus	PG-2021_35	0
668	S. lentus	PG-2021_36	0
669	S. lentus	PG-2021_69	0
670	S. lentus	PG-2021_58	0
671	S. lentus	PG-2021_57	0
672	S. lentus	PG-2021_65	0
673	S. lentus	PG-2021_81	0
674	S. lentus	PG-2021_83	0
675	S. lentus	PG-2021_66	0
676	S. lentus	PG-2021_56	0
677	S. lentus	PG-2021_71	0
678	S. lentus	PG-2021_1	0
679	S. lentus	PG-2021_62	0
680	S. lentus	PG-2021_75	0
681	S. lentus	PG-2021_61	0
682	S. lentus	PG-2021_79	0
683	S. lentus	PG-2021_60	0
684	S. lentus	PG-2021_5	0
685	S. lentus	PG-2021_74	0
686	S. lentus	PG-2021_88	0
687	S. lentus	PG-2021_82	0
688	S. lentus	PG-2021_44	1
689	S. lentus	PG-2021_80	0
690	S. lentus	PG-2021_54	0
691	S. lentus	PG-2021_63	1
692	S. lentus	PG-2021_73	0
693	S. lentus	PG-2021_72	0
694	S. lentus	PG-2021_7	0
695	S. lentus	PG-2021_25	1
696	S. lentus	PG-2021_19	0
697	S. lentus	PG-2021_78	1
698	S. lentus	PG-2021_3	1
699	S. lentus	PG-2021_77	0
700	S. lentus	PG-2021_37	1
701	S. lentus	PG-2021_53	1
702	S. lentus	PG-2021_70	0
703	S. lentus	PG-2021_55	0
704	S. lentus	PG-2021_50	0
705	S. lentus	PG-2021_51	0
706	S. lentus	PG-2021_59	0
707	S. lentus	PG-2021_28	0
708	S. lentus	PG-2021_27	0
709	S. lentus	PG-2021_46	0
710	S. lentus	PG-2021_33	1
711	S. lentus	PG-2021_31	1
712	S. lentus	PG-2021_32	1
713	S. lentus	PG-2021_76	1
714	S. lentus	PG-2021_42	1
715	S. lentus	PG-2021_12	0
716	S. lentus	PG-2021_14	1
717	S. lentus	PG-2021_23	1
718	S. lentus	PG-2021_24	1
719	S. lentus	PG-2021_40	0
720	S. lentus	PG-2021_39	0
721	S. lentus	PG-2021_41	0
722	S. lentus	PG-2021_26	0
723	S. lentus	PG-2021_11	0
724	S. lentus	PG-2021_13	0
725	S. lentus	PG-2021_43	1
726	S. lentus	PG-2021_22	0
727	S. lentus	PG-2021_4	0
728	S. lentus	PG-2021_68	0
729	S. lentus	PG-2021_52	1
730	S. lentus	PG-2021_67	0
731	S. lentus	PG-2021_6	0
732	S. lentus	PG-2021_90	0
733	S. lentus	PG-2021_94	0
734	S. lentus	PG-2021_93	0
735	S. lentus	PG-2021_89	0
736	S. lugdunensis	PG-2021_9	1
737	S. lugdunensis	PG-2021_38	1
738	S. lugdunensis	PG-2021_16	1
739	S. lugdunensis	PG-2021_84	1
740	S. lugdunensis	PG-2021_15	1
741	S. lugdunensis	PG-2021_45	1
742	S. lugdunensis	PG-2021_17	1
743	S. lugdunensis	PG-2021_10	1
744	S. lugdunensis	PG-2021_86	1
745	S. lugdunensis	PG-2021_85	1
746	S. lugdunensis	PG-2021_48	1
747	S. lugdunensis	PG-2021_2	1
748	S. lugdunensis	PG-2021_29	1
749	S. lugdunensis	PG-2021_87	1
750	S. lugdunensis	PG-2021_8	1
751	S. lugdunensis	PG-2021_64	1
752	S. lugdunensis	PG-2021_47	1
753	S. lugdunensis	PG-2021_34	1
754	S. lugdunensis	PG-2021_20	1
755	S. lugdunensis	PG-2021_49	1
756	S. lugdunensis	PG-2021_18	1
757	S. lugdunensis	PG-2021_21	1
758	S. lugdunensis	PG-2021_30	1
759	S. lugdunensis	PG-2021_35	1
760	S. lugdunensis	PG-2021_36	1
761	S. lugdunensis	PG-2021_69	1
762	S. lugdunensis	PG-2021_58	1
763	S. lugdunensis	PG-2021_57	1
764	S. lugdunensis	PG-2021_65	1
765	S. lugdunensis	PG-2021_81	1
766	S. lugdunensis	PG-2021_83	1
767	S. lugdunensis	PG-2021_66	1
768	S. lugdunensis	PG-2021_56	1
769	S. lugdunensis	PG-2021_71	1
770	S. lugdunensis	PG-2021_1	1
771	S. lugdunensis	PG-2021_62	1
772	S. lugdunensis	PG-2021_75	1
773	S. lugdunensis	PG-2021_61	1
774	S. lugdunensis	PG-2021_79	1
775	S. lugdunensis	PG-2021_60	1
776	S. lugdunensis	PG-2021_5	1
777	S. lugdunensis	PG-2021_74	1
778	S. lugdunensis	PG-2021_88	1
779	S. lugdunensis	PG-2021_82	1
780	S. lugdunensis	PG-2021_44	1
781	S. lugdunensis	PG-2021_80	1
782	S. lugdunensis	PG-2021_54	1
783	S. lugdunensis	PG-2021_63	1
784	S. lugdunensis	PG-2021_73	1
785	S. lugdunensis	PG-2021_72	1
786	S. lugdunensis	PG-2021_7	1
787	S. lugdunensis	PG-2021_25	1
788	S. lugdunensis	PG-2021_19	1
789	S. lugdunensis	PG-2021_78	1
790	S. lugdunensis	PG-2021_3	1
791	S. lugdunensis	PG-2021_77	1
792	S. lugdunensis	PG-2021_37	1
793	S. lugdunensis	PG-2021_53	1
794	S. lugdunensis	PG-2021_70	1
795	S. lugdunensis	PG-2021_55	1
796	S. lugdunensis	PG-2021_50	1
797	S. lugdunensis	PG-2021_51	1
798	S. lugdunensis	PG-2021_59	1
799	S. lugdunensis	PG-2021_28	1
800	S. lugdunensis	PG-2021_27	1
801	S. lugdunensis	PG-2021_46	0
802	S. lugdunensis	PG-2021_33	0
803	S. lugdunensis	PG-2021_31	0
804	S. lugdunensis	PG-2021_32	0
805	S. lugdunensis	PG-2021_76	0
806	S. lugdunensis	PG-2021_42	0
807	S. lugdunensis	PG-2021_12	0
808	S. lugdunensis	PG-2021_14	0
809	S. lugdunensis	PG-2021_23	0
810	S. lugdunensis	PG-2021_24	0
811	S. lugdunensis	PG-2021_40	0
812	S. lugdunensis	PG-2021_39	0
813	S. lugdunensis	PG-2021_41	0
814	S. lugdunensis	PG-2021_26	0
815	S. lugdunensis	PG-2021_11	0
816	S. lugdunensis	PG-2021_13	0
817	S. lugdunensis	PG-2021_43	0
818	S. lugdunensis	PG-2021_22	0
819	S. lugdunensis	PG-2021_4	0
820	S. lugdunensis	PG-2021_68	0
821	S. lugdunensis	PG-2021_52	0
822	S. lugdunensis	PG-2021_67	0
823	S. lugdunensis	PG-2021_6	0
824	S. lugdunensis	PG-2021_90	0
825	S. lugdunensis	PG-2021_94	0
826	S. lugdunensis	PG-2021_93	0
827	S. lugdunensis	PG-2021_89	0
828	S. pasteuri	PG-2021_9	1
829	S. pasteuri	PG-2021_38	0
830	S. pasteuri	PG-2021_16	0
831	S. pasteuri	PG-2021_84	0
832	S. pasteuri	PG-2021_15	0
833	S. pasteuri	PG-2021_45	0
834	S. pasteuri	PG-2021_17	0
835	S. pasteuri	PG-2021_10	1
836	S. pasteuri	PG-2021_86	0
837	S. pasteuri	PG-2021_85	0
838	S. pasteuri	PG-2021_48	0
839	S. pasteuri	PG-2021_2	0
840	S. pasteuri	PG-2021_29	0
841	S. pasteuri	PG-2021_87	0
842	S. pasteuri	PG-2021_8	0
843	S. pasteuri	PG-2021_64	0
844	S. pasteuri	PG-2021_47	0
845	S. pasteuri	PG-2021_34	0
846	S. pasteuri	PG-2021_20	0
847	S. pasteuri	PG-2021_49	0
848	S. pasteuri	PG-2021_18	0
849	S. pasteuri	PG-2021_21	0
850	S. pasteuri	PG-2021_30	0
851	S. pasteuri	PG-2021_35	0
852	S. pasteuri	PG-2021_36	0
853	S. pasteuri	PG-2021_69	0
854	S. pasteuri	PG-2021_58	0
855	S. pasteuri	PG-2021_57	0
856	S. pasteuri	PG-2021_65	0
857	S. pasteuri	PG-2021_81	0
858	S. pasteuri	PG-2021_83	0
859	S. pasteuri	PG-2021_66	0
860	S. pasteuri	PG-2021_56	0
861	S. pasteuri	PG-2021_71	0
862	S. pasteuri	PG-2021_1	0
863	S. pasteuri	PG-2021_62	0
864	S. pasteuri	PG-2021_75	0
865	S. pasteuri	PG-2021_61	0
866	S. pasteuri	PG-2021_79	0
867	S. pasteuri	PG-2021_60	0
868	S. pasteuri	PG-2021_5	0
869	S. pasteuri	PG-2021_74	0
870	S. pasteuri	PG-2021_88	0
871	S. pasteuri	PG-2021_82	0
872	S. pasteuri	PG-2021_44	0
873	S. pasteuri	PG-2021_80	0
874	S. pasteuri	PG-2021_54	0
875	S. pasteuri	PG-2021_63	0
876	S. pasteuri	PG-2021_73	0
877	S. pasteuri	PG-2021_72	0
878	S. pasteuri	PG-2021_7	0
879	S. pasteuri	PG-2021_25	0
880	S. pasteuri	PG-2021_19	0
881	S. pasteuri	PG-2021_78	0
882	S. pasteuri	PG-2021_3	0
883	S. pasteuri	PG-2021_77	0
884	S. pasteuri	PG-2021_37	0
885	S. pasteuri	PG-2021_53	0
886	S. pasteuri	PG-2021_70	0
887	S. pasteuri	PG-2021_55	0
888	S. pasteuri	PG-2021_50	1
889	S. pasteuri	PG-2021_51	1
890	S. pasteuri	PG-2021_59	0
891	S. pasteuri	PG-2021_28	0
892	S. pasteuri	PG-2021_27	0
893	S. pasteuri	PG-2021_46	0
894	S. pasteuri	PG-2021_33	0
895	S. pasteuri	PG-2021_31	0
896	S. pasteuri	PG-2021_32	0
897	S. pasteuri	PG-2021_76	0
898	S. pasteuri	PG-2021_42	0
899	S. pasteuri	PG-2021_12	0
900	S. pasteuri	PG-2021_14	0
901	S. pasteuri	PG-2021_23	0
902	S. pasteuri	PG-2021_24	0
903	S. pasteuri	PG-2021_40	0
904	S. pasteuri	PG-2021_39	0
905	S. pasteuri	PG-2021_41	0
906	S. pasteuri	PG-2021_26	0
907	S. pasteuri	PG-2021_11	0
908	S. pasteuri	PG-2021_13	0
909	S. pasteuri	PG-2021_43	0
910	S. pasteuri	PG-2021_22	0
911	S. pasteuri	PG-2021_4	0
912	S. pasteuri	PG-2021_68	0
913	S. pasteuri	PG-2021_52	0
914	S. pasteuri	PG-2021_67	0
915	S. pasteuri	PG-2021_6	0
916	S. pasteuri	PG-2021_90	0
917	S. pasteuri	PG-2021_94	0
918	S. pasteuri	PG-2021_93	0
919	S. pasteuri	PG-2021_89	0
920	S. schleiferi	PG-2021_9	1
921	S. schleiferi	PG-2021_38	1
922	S. schleiferi	PG-2021_16	1
923	S. schleiferi	PG-2021_84	1
924	S. schleiferi	PG-2021_15	1
925	S. schleiferi	PG-2021_45	1
926	S. schleiferi	PG-2021_17	1
927	S. schleiferi	PG-2021_10	1
928	S. schleiferi	PG-2021_86	1
929	S. schleiferi	PG-2021_85	1
930	S. schleiferi	PG-2021_48	1
931	S. schleiferi	PG-2021_2	1
932	S. schleiferi	PG-2021_29	1
933	S. schleiferi	PG-2021_87	1
934	S. schleiferi	PG-2021_8	1
935	S. schleiferi	PG-2021_64	1
936	S. schleiferi	PG-2021_47	1
937	S. schleiferi	PG-2021_34	1
938	S. schleiferi	PG-2021_20	1
939	S. schleiferi	PG-2021_49	1
940	S. schleiferi	PG-2021_18	1
941	S. schleiferi	PG-2021_21	1
942	S. schleiferi	PG-2021_30	1
943	S. schleiferi	PG-2021_35	1
944	S. schleiferi	PG-2021_36	1
945	S. schleiferi	PG-2021_69	1
946	S. schleiferi	PG-2021_58	1
947	S. schleiferi	PG-2021_57	1
948	S. schleiferi	PG-2021_65	1
949	S. schleiferi	PG-2021_81	1
950	S. schleiferi	PG-2021_83	1
951	S. schleiferi	PG-2021_66	1
952	S. schleiferi	PG-2021_56	1
953	S. schleiferi	PG-2021_71	1
954	S. schleiferi	PG-2021_1	1
955	S. schleiferi	PG-2021_62	1
956	S. schleiferi	PG-2021_75	1
957	S. schleiferi	PG-2021_61	1
958	S. schleiferi	PG-2021_79	1
959	S. schleiferi	PG-2021_60	1
960	S. schleiferi	PG-2021_5	1
961	S. schleiferi	PG-2021_74	1
962	S. schleiferi	PG-2021_88	1
963	S. schleiferi	PG-2021_82	1
964	S. schleiferi	PG-2021_44	1
965	S. schleiferi	PG-2021_80	1
966	S. schleiferi	PG-2021_54	1
967	S. schleiferi	PG-2021_63	1
968	S. schleiferi	PG-2021_73	1
969	S. schleiferi	PG-2021_72	1
970	S. schleiferi	PG-2021_7	1
971	S. schleiferi	PG-2021_25	1
972	S. schleiferi	PG-2021_19	1
973	S. schleiferi	PG-2021_78	1
974	S. schleiferi	PG-2021_3	1
975	S. schleiferi	PG-2021_77	1
976	S. schleiferi	PG-2021_37	1
977	S. schleiferi	PG-2021_53	1
978	S. schleiferi	PG-2021_70	0
979	S. schleiferi	PG-2021_55	0
980	S. schleiferi	PG-2021_50	0
981	S. schleiferi	PG-2021_51	0
982	S. schleiferi	PG-2021_59	0
983	S. schleiferi	PG-2021_28	0
984	S. schleiferi	PG-2021_27	0
985	S. schleiferi	PG-2021_46	1
986	S. schleiferi	PG-2021_33	1
987	S. schleiferi	PG-2021_31	1
988	S. schleiferi	PG-2021_32	1
989	S. schleiferi	PG-2021_76	1
990	S. schleiferi	PG-2021_42	0
991	S. schleiferi	PG-2021_12	0
992	S. schleiferi	PG-2021_14	0
993	S. schleiferi	PG-2021_23	0
994	S. schleiferi	PG-2021_24	0
995	S. schleiferi	PG-2021_40	0
996	S. schleiferi	PG-2021_39	0
997	S. schleiferi	PG-2021_41	0
998	S. schleiferi	PG-2021_26	0
999	S. schleiferi	PG-2021_11	0
1000	S. schleiferi	PG-2021_13	0
1001	S. schleiferi	PG-2021_43	0
1002	S. schleiferi	PG-2021_22	0
1003	S. schleiferi	PG-2021_4	0
1004	S. schleiferi	PG-2021_68	0
1005	S. schleiferi	PG-2021_52	0
1006	S. schleiferi	PG-2021_67	0
1007	S. schleiferi	PG-2021_6	0
1008	S. schleiferi	PG-2021_90	0
1009	S. schleiferi	PG-2021_94	0
1010	S. schleiferi	PG-2021_93	0
1011	S. schleiferi	PG-2021_89	0
1012	S. sciuri	PG-2021_9	1
1013	S. sciuri	PG-2021_38	0
1014	S. sciuri	PG-2021_16	0
1015	S. sciuri	PG-2021_84	1
1016	S. sciuri	PG-2021_15	0
1017	S. sciuri	PG-2021_45	0
1018	S. sciuri	PG-2021_17	1
1019	S. sciuri	PG-2021_10	1
1020	S. sciuri	PG-2021_86	0
1021	S. sciuri	PG-2021_85	0
1022	S. sciuri	PG-2021_48	0
1023	S. sciuri	PG-2021_2	0
1024	S. sciuri	PG-2021_29	1
1025	S. sciuri	PG-2021_87	1
1026	S. sciuri	PG-2021_8	0
1027	S. sciuri	PG-2021_64	0
1028	S. sciuri	PG-2021_47	0
1029	S. sciuri	PG-2021_34	0
1030	S. sciuri	PG-2021_20	0
1031	S. sciuri	PG-2021_49	0
1032	S. sciuri	PG-2021_18	0
1033	S. sciuri	PG-2021_21	0
1034	S. sciuri	PG-2021_30	0
1035	S. sciuri	PG-2021_35	0
1036	S. sciuri	PG-2021_36	0
1037	S. sciuri	PG-2021_69	1
1038	S. sciuri	PG-2021_58	1
1039	S. sciuri	PG-2021_57	1
1040	S. sciuri	PG-2021_65	1
1041	S. sciuri	PG-2021_81	1
1042	S. sciuri	PG-2021_83	1
1043	S. sciuri	PG-2021_66	1
1044	S. sciuri	PG-2021_56	0
1045	S. sciuri	PG-2021_71	1
1046	S. sciuri	PG-2021_1	1
1047	S. sciuri	PG-2021_62	1
1048	S. sciuri	PG-2021_75	1
1049	S. sciuri	PG-2021_61	1
1050	S. sciuri	PG-2021_79	1
1051	S. sciuri	PG-2021_60	1
1052	S. sciuri	PG-2021_5	1
1053	S. sciuri	PG-2021_74	1
1054	S. sciuri	PG-2021_88	1
1055	S. sciuri	PG-2021_82	0
1056	S. sciuri	PG-2021_44	1
1057	S. sciuri	PG-2021_80	1
1058	S. sciuri	PG-2021_54	1
1059	S. sciuri	PG-2021_63	0
1060	S. sciuri	PG-2021_73	1
1061	S. sciuri	PG-2021_72	1
1062	S. sciuri	PG-2021_7	0
1063	S. sciuri	PG-2021_25	0
1064	S. sciuri	PG-2021_19	0
1065	S. sciuri	PG-2021_78	0
1066	S. sciuri	PG-2021_3	0
1067	S. sciuri	PG-2021_77	0
1068	S. sciuri	PG-2021_37	0
1069	S. sciuri	PG-2021_53	0
1070	S. sciuri	PG-2021_70	1
1071	S. sciuri	PG-2021_55	1
1072	S. sciuri	PG-2021_50	0
1073	S. sciuri	PG-2021_51	0
1074	S. sciuri	PG-2021_59	0
1075	S. sciuri	PG-2021_28	0
1076	S. sciuri	PG-2021_27	0
1077	S. sciuri	PG-2021_46	1
1078	S. sciuri	PG-2021_33	1
1079	S. sciuri	PG-2021_31	1
1080	S. sciuri	PG-2021_32	1
1081	S. sciuri	PG-2021_76	1
1082	S. sciuri	PG-2021_42	1
1083	S. sciuri	PG-2021_12	1
1084	S. sciuri	PG-2021_14	1
1085	S. sciuri	PG-2021_23	1
1086	S. sciuri	PG-2021_24	1
1087	S. sciuri	PG-2021_40	1
1088	S. sciuri	PG-2021_39	1
1089	S. sciuri	PG-2021_41	1
1090	S. sciuri	PG-2021_26	1
1091	S. sciuri	PG-2021_11	1
1092	S. sciuri	PG-2021_13	1
1093	S. sciuri	PG-2021_43	1
1094	S. sciuri	PG-2021_22	1
1095	S. sciuri	PG-2021_4	1
1096	S. sciuri	PG-2021_68	1
1097	S. sciuri	PG-2021_52	1
1098	S. sciuri	PG-2021_67	1
1099	S. sciuri	PG-2021_6	1
1100	S. sciuri	PG-2021_90	1
1101	S. sciuri	PG-2021_94	0
1102	S. sciuri	PG-2021_93	0
1103	S. sciuri	PG-2021_89	0
1104	S. succinus	PG-2021_9	1
1105	S. succinus	PG-2021_38	1
1106	S. succinus	PG-2021_16	1
1107	S. succinus	PG-2021_84	1
1108	S. succinus	PG-2021_15	1
1109	S. succinus	PG-2021_45	1
1110	S. succinus	PG-2021_17	1
1111	S. succinus	PG-2021_10	1
1112	S. succinus	PG-2021_86	1
1113	S. succinus	PG-2021_85	1
1114	S. succinus	PG-2021_48	1
1115	S. succinus	PG-2021_2	1
1116	S. succinus	PG-2021_29	1
1117	S. succinus	PG-2021_87	1
1118	S. succinus	PG-2021_8	1
1119	S. succinus	PG-2021_64	1
1120	S. succinus	PG-2021_47	1
1121	S. succinus	PG-2021_34	1
1122	S. succinus	PG-2021_20	1
1123	S. succinus	PG-2021_49	1
1124	S. succinus	PG-2021_18	1
1125	S. succinus	PG-2021_21	1
1126	S. succinus	PG-2021_30	1
1127	S. succinus	PG-2021_35	1
1128	S. succinus	PG-2021_36	1
1129	S. succinus	PG-2021_69	0
1130	S. succinus	PG-2021_58	0
1131	S. succinus	PG-2021_57	0
1132	S. succinus	PG-2021_65	0
1133	S. succinus	PG-2021_81	0
1134	S. succinus	PG-2021_83	0
1135	S. succinus	PG-2021_66	0
1136	S. succinus	PG-2021_56	0
1137	S. succinus	PG-2021_71	0
1138	S. succinus	PG-2021_1	0
1139	S. succinus	PG-2021_62	0
1140	S. succinus	PG-2021_75	0
1141	S. succinus	PG-2021_61	0
1142	S. succinus	PG-2021_79	0
1143	S. succinus	PG-2021_60	0
1144	S. succinus	PG-2021_5	0
1145	S. succinus	PG-2021_74	0
1146	S. succinus	PG-2021_88	0
1147	S. succinus	PG-2021_82	0
1148	S. succinus	PG-2021_44	0
1149	S. succinus	PG-2021_80	0
1150	S. succinus	PG-2021_54	0
1151	S. succinus	PG-2021_63	1
1152	S. succinus	PG-2021_73	0
1153	S. succinus	PG-2021_72	0
1154	S. succinus	PG-2021_7	1
1155	S. succinus	PG-2021_25	1
1156	S. succinus	PG-2021_19	1
1157	S. succinus	PG-2021_78	1
1158	S. succinus	PG-2021_3	1
1159	S. succinus	PG-2021_77	1
1160	S. succinus	PG-2021_37	1
1161	S. succinus	PG-2021_53	1
1162	S. succinus	PG-2021_70	0
1163	S. succinus	PG-2021_55	0
1164	S. succinus	PG-2021_50	1
1165	S. succinus	PG-2021_51	1
1166	S. succinus	PG-2021_59	0
1167	S. succinus	PG-2021_28	1
1168	S. succinus	PG-2021_27	0
1169	S. succinus	PG-2021_46	0
1170	S. succinus	PG-2021_33	1
1171	S. succinus	PG-2021_31	1
1172	S. succinus	PG-2021_32	1
1173	S. succinus	PG-2021_76	0
1174	S. succinus	PG-2021_42	0
1175	S. succinus	PG-2021_12	0
1176	S. succinus	PG-2021_14	0
1177	S. succinus	PG-2021_23	0
1178	S. succinus	PG-2021_24	0
1179	S. succinus	PG-2021_40	0
1180	S. succinus	PG-2021_39	0
1181	S. succinus	PG-2021_41	0
1182	S. succinus	PG-2021_26	0
1183	S. succinus	PG-2021_11	0
1184	S. succinus	PG-2021_13	0
1185	S. succinus	PG-2021_43	0
1186	S. succinus	PG-2021_22	0
1187	S. succinus	PG-2021_4	0
1188	S. succinus	PG-2021_68	0
1189	S. succinus	PG-2021_52	0
1190	S. succinus	PG-2021_67	0
1191	S. succinus	PG-2021_6	0
1192	S. succinus	PG-2021_90	0
1193	S. succinus	PG-2021_94	0
1194	S. succinus	PG-2021_93	0
1195	S. succinus	PG-2021_89	0
1196	S. vitulinus	PG-2021_9	1
1197	S. vitulinus	PG-2021_38	1
1198	S. vitulinus	PG-2021_16	1
1199	S. vitulinus	PG-2021_84	1
1200	S. vitulinus	PG-2021_15	1
1201	S. vitulinus	PG-2021_45	1
1202	S. vitulinus	PG-2021_17	1
1203	S. vitulinus	PG-2021_10	1
1204	S. vitulinus	PG-2021_86	1
1205	S. vitulinus	PG-2021_85	1
1206	S. vitulinus	PG-2021_48	1
1207	S. vitulinus	PG-2021_2	1
1208	S. vitulinus	PG-2021_29	1
1209	S. vitulinus	PG-2021_87	1
1210	S. vitulinus	PG-2021_8	1
1211	S. vitulinus	PG-2021_64	1
1212	S. vitulinus	PG-2021_47	1
1213	S. vitulinus	PG-2021_34	1
1214	S. vitulinus	PG-2021_20	1
1215	S. vitulinus	PG-2021_49	1
1216	S. vitulinus	PG-2021_18	1
1217	S. vitulinus	PG-2021_21	1
1218	S. vitulinus	PG-2021_30	1
1219	S. vitulinus	PG-2021_35	1
1220	S. vitulinus	PG-2021_36	1
1221	S. vitulinus	PG-2021_69	0
1222	S. vitulinus	PG-2021_58	0
1223	S. vitulinus	PG-2021_57	0
1224	S. vitulinus	PG-2021_65	0
1225	S. vitulinus	PG-2021_81	0
1226	S. vitulinus	PG-2021_83	0
1227	S. vitulinus	PG-2021_66	0
1228	S. vitulinus	PG-2021_56	0
1229	S. vitulinus	PG-2021_71	0
1230	S. vitulinus	PG-2021_1	0
1231	S. vitulinus	PG-2021_62	0
1232	S. vitulinus	PG-2021_75	0
1233	S. vitulinus	PG-2021_61	0
1234	S. vitulinus	PG-2021_79	0
1235	S. vitulinus	PG-2021_60	0
1236	S. vitulinus	PG-2021_5	0
1237	S. vitulinus	PG-2021_74	0
1238	S. vitulinus	PG-2021_88	0
1239	S. vitulinus	PG-2021_82	0
1240	S. vitulinus	PG-2021_44	1
1241	S. vitulinus	PG-2021_80	0
1242	S. vitulinus	PG-2021_54	0
1243	S. vitulinus	PG-2021_63	1
1244	S. vitulinus	PG-2021_73	0
1245	S. vitulinus	PG-2021_72	0
1246	S. vitulinus	PG-2021_7	1
1247	S. vitulinus	PG-2021_25	1
1248	S. vitulinus	PG-2021_19	1
1249	S. vitulinus	PG-2021_78	1
1250	S. vitulinus	PG-2021_3	1
1251	S. vitulinus	PG-2021_77	1
1252	S. vitulinus	PG-2021_37	1
1253	S. vitulinus	PG-2021_53	1
1254	S. vitulinus	PG-2021_70	0
1255	S. vitulinus	PG-2021_55	0
1256	S. vitulinus	PG-2021_50	1
1257	S. vitulinus	PG-2021_51	1
1258	S. vitulinus	PG-2021_59	0
1259	S. vitulinus	PG-2021_28	1
1260	S. vitulinus	PG-2021_27	1
1261	S. vitulinus	PG-2021_46	1
1262	S. vitulinus	PG-2021_33	1
1263	S. vitulinus	PG-2021_31	1
1264	S. vitulinus	PG-2021_32	1
1265	S. vitulinus	PG-2021_76	1
1266	S. vitulinus	PG-2021_42	1
1267	S. vitulinus	PG-2021_12	1
1268	S. vitulinus	PG-2021_14	1
1269	S. vitulinus	PG-2021_23	1
1270	S. vitulinus	PG-2021_24	1
1271	S. vitulinus	PG-2021_40	1
1272	S. vitulinus	PG-2021_39	1
1273	S. vitulinus	PG-2021_41	1
1274	S. vitulinus	PG-2021_26	1
1275	S. vitulinus	PG-2021_11	1
1276	S. vitulinus	PG-2021_13	1
1277	S. vitulinus	PG-2021_43	1
1278	S. vitulinus	PG-2021_22	1
1279	S. vitulinus	PG-2021_4	0
1280	S. vitulinus	PG-2021_68	0
1281	S. vitulinus	PG-2021_52	0
1282	S. vitulinus	PG-2021_67	0
1283	S. vitulinus	PG-2021_6	0
1284	S. vitulinus	PG-2021_90	0
1285	S. vitulinus	PG-2021_94	0
1286	S. vitulinus	PG-2021_93	0
1287	S. vitulinus	PG-2021_89	0
1288	S. warneri	PG-2021_9	1
1289	S. warneri	PG-2021_38	0
1290	S. warneri	PG-2021_16	0
1291	S. warneri	PG-2021_84	0
1292	S. warneri	PG-2021_15	0
1293	S. warneri	PG-2021_45	0
1294	S. warneri	PG-2021_17	0
1295	S. warneri	PG-2021_10	1
1296	S. warneri	PG-2021_86	0
1297	S. warneri	PG-2021_85	0
1298	S. warneri	PG-2021_48	0
1299	S. warneri	PG-2021_2	0
1300	S. warneri	PG-2021_29	0
1301	S. warneri	PG-2021_87	0
1302	S. warneri	PG-2021_8	0
1303	S. warneri	PG-2021_64	0
1304	S. warneri	PG-2021_47	0
1305	S. warneri	PG-2021_34	0
1306	S. warneri	PG-2021_20	0
1307	S. warneri	PG-2021_49	0
1308	S. warneri	PG-2021_18	0
1309	S. warneri	PG-2021_21	0
1310	S. warneri	PG-2021_30	0
1311	S. warneri	PG-2021_35	1
1312	S. warneri	PG-2021_36	1
1313	S. warneri	PG-2021_69	1
1314	S. warneri	PG-2021_58	0
1315	S. warneri	PG-2021_57	1
1316	S. warneri	PG-2021_65	0
1317	S. warneri	PG-2021_81	1
1318	S. warneri	PG-2021_83	1
1319	S. warneri	PG-2021_66	0
1320	S. warneri	PG-2021_56	0
1321	S. warneri	PG-2021_71	0
1322	S. warneri	PG-2021_1	1
1323	S. warneri	PG-2021_62	1
1324	S. warneri	PG-2021_75	0
1325	S. warneri	PG-2021_61	1
1326	S. warneri	PG-2021_79	0
1327	S. warneri	PG-2021_60	0
1328	S. warneri	PG-2021_5	0
1329	S. warneri	PG-2021_74	0
1330	S. warneri	PG-2021_88	0
1331	S. warneri	PG-2021_82	0
1332	S. warneri	PG-2021_44	0
1333	S. warneri	PG-2021_80	1
1334	S. warneri	PG-2021_54	0
1335	S. warneri	PG-2021_63	1
1336	S. warneri	PG-2021_73	1
1337	S. warneri	PG-2021_72	0
1338	S. warneri	PG-2021_7	0
1339	S. warneri	PG-2021_25	0
1340	S. warneri	PG-2021_19	0
1341	S. warneri	PG-2021_78	0
1342	S. warneri	PG-2021_3	0
1343	S. warneri	PG-2021_77	0
1344	S. warneri	PG-2021_37	0
1345	S. warneri	PG-2021_53	0
1346	S. warneri	PG-2021_70	0
1347	S. warneri	PG-2021_55	0
1348	S. warneri	PG-2021_50	1
1349	S. warneri	PG-2021_51	0
1350	S. warneri	PG-2021_59	0
1351	S. warneri	PG-2021_28	0
1352	S. warneri	PG-2021_27	0
1353	S. warneri	PG-2021_46	0
1354	S. warneri	PG-2021_33	0
1355	S. warneri	PG-2021_31	0
1356	S. warneri	PG-2021_32	0
1357	S. warneri	PG-2021_76	0
1358	S. warneri	PG-2021_42	0
1359	S. warneri	PG-2021_12	0
1360	S. warneri	PG-2021_14	0
1361	S. warneri	PG-2021_23	0
1362	S. warneri	PG-2021_24	0
1363	S. warneri	PG-2021_40	0
1364	S. warneri	PG-2021_39	0
1365	S. warneri	PG-2021_41	0
1366	S. warneri	PG-2021_26	0
1367	S. warneri	PG-2021_11	0
1368	S. warneri	PG-2021_13	0
1369	S. warneri	PG-2021_43	0
1370	S. warneri	PG-2021_22	0
1371	S. warneri	PG-2021_4	0
1372	S. warneri	PG-2021_68	0
1373	S. warneri	PG-2021_52	0
1374	S. warneri	PG-2021_67	0
1375	S. warneri	PG-2021_6	0
1376	S. warneri	PG-2021_90	0
1377	S. warneri	PG-2021_94	0
1378	S. warneri	PG-2021_93	0
1379	S. warneri	PG-2021_89	0
1380	S. xylosus	PG-2021_9	1
1381	S. xylosus	PG-2021_38	1
1382	S. xylosus	PG-2021_16	1
1383	S. xylosus	PG-2021_84	1
1384	S. xylosus	PG-2021_15	1
1385	S. xylosus	PG-2021_45	1
1386	S. xylosus	PG-2021_17	1
1387	S. xylosus	PG-2021_10	1
1388	S. xylosus	PG-2021_86	1
1389	S. xylosus	PG-2021_85	1
1390	S. xylosus	PG-2021_48	1
1391	S. xylosus	PG-2021_2	1
1392	S. xylosus	PG-2021_29	1
1393	S. xylosus	PG-2021_87	1
1394	S. xylosus	PG-2021_8	1
1395	S. xylosus	PG-2021_64	1
1396	S. xylosus	PG-2021_47	1
1397	S. xylosus	PG-2021_34	1
1398	S. xylosus	PG-2021_20	1
1399	S. xylosus	PG-2021_49	1
1400	S. xylosus	PG-2021_18	1
1401	S. xylosus	PG-2021_21	1
1402	S. xylosus	PG-2021_30	1
1403	S. xylosus	PG-2021_35	1
1404	S. xylosus	PG-2021_36	1
1405	S. xylosus	PG-2021_69	1
1406	S. xylosus	PG-2021_58	0
1407	S. xylosus	PG-2021_57	0
1408	S. xylosus	PG-2021_65	0
1409	S. xylosus	PG-2021_81	0
1410	S. xylosus	PG-2021_83	0
1411	S. xylosus	PG-2021_66	0
1412	S. xylosus	PG-2021_56	0
1413	S. xylosus	PG-2021_71	1
1414	S. xylosus	PG-2021_1	0
1415	S. xylosus	PG-2021_62	0
1416	S. xylosus	PG-2021_75	0
1417	S. xylosus	PG-2021_61	0
1418	S. xylosus	PG-2021_79	0
1419	S. xylosus	PG-2021_60	0
1420	S. xylosus	PG-2021_5	0
1421	S. xylosus	PG-2021_74	0
1422	S. xylosus	PG-2021_88	0
1423	S. xylosus	PG-2021_82	0
1424	S. xylosus	PG-2021_44	0
1425	S. xylosus	PG-2021_80	0
1426	S. xylosus	PG-2021_54	0
1427	S. xylosus	PG-2021_63	1
1428	S. xylosus	PG-2021_73	0
1429	S. xylosus	PG-2021_72	0
1430	S. xylosus	PG-2021_7	1
1431	S. xylosus	PG-2021_25	1
1432	S. xylosus	PG-2021_19	1
1433	S. xylosus	PG-2021_78	1
1434	S. xylosus	PG-2021_3	1
1435	S. xylosus	PG-2021_77	1
1436	S. xylosus	PG-2021_37	1
1437	S. xylosus	PG-2021_53	1
1438	S. xylosus	PG-2021_70	0
1439	S. xylosus	PG-2021_55	0
1440	S. xylosus	PG-2021_50	0
1441	S. xylosus	PG-2021_51	0
1442	S. xylosus	PG-2021_59	0
1443	S. xylosus	PG-2021_28	0
1444	S. xylosus	PG-2021_27	0
1445	S. xylosus	PG-2021_46	0
1446	S. xylosus	PG-2021_33	1
1447	S. xylosus	PG-2021_31	1
1448	S. xylosus	PG-2021_32	1
1449	S. xylosus	PG-2021_76	1
1450	S. xylosus	PG-2021_42	1
1451	S. xylosus	PG-2021_12	1
1452	S. xylosus	PG-2021_14	1
1453	S. xylosus	PG-2021_23	1
1454	S. xylosus	PG-2021_24	1
1455	S. xylosus	PG-2021_40	1
1456	S. xylosus	PG-2021_39	1
1457	S. xylosus	PG-2021_41	1
1458	S. xylosus	PG-2021_26	0
1459	S. xylosus	PG-2021_11	1
1460	S. xylosus	PG-2021_13	1
1461	S. xylosus	PG-2021_43	1
1462	S. xylosus	PG-2021_22	1
1463	S. xylosus	PG-2021_4	0
1464	S. xylosus	PG-2021_68	0
1465	S. xylosus	PG-2021_52	0
1466	S. xylosus	PG-2021_67	0
1467	S. xylosus	PG-2021_6	0
1468	S. xylosus	PG-2021_90	0
1469	S. xylosus	PG-2021_94	0
1470	S. xylosus	PG-2021_93	0
1471	S. xylosus	PG-2021_89	0
1472	S. saprophyticus	PG-2021_9	0
1473	S. saprophyticus	PG-2021_38	1
1474	S. saprophyticus	PG-2021_16	0
1475	S. saprophyticus	PG-2021_84	0
1476	S. saprophyticus	PG-2021_15	0
1477	S. saprophyticus	PG-2021_45	0
1478	S. saprophyticus	PG-2021_17	0
1479	S. saprophyticus	PG-2021_10	0
1480	S. saprophyticus	PG-2021_86	0
1481	S. saprophyticus	PG-2021_85	0
1482	S. saprophyticus	PG-2021_48	0
1483	S. saprophyticus	PG-2021_2	0
1484	S. saprophyticus	PG-2021_29	0
1485	S. saprophyticus	PG-2021_87	0
1486	S. saprophyticus	PG-2021_8	0
1487	S. saprophyticus	PG-2021_64	0
1488	S. saprophyticus	PG-2021_47	0
1489	S. saprophyticus	PG-2021_34	0
1490	S. saprophyticus	PG-2021_20	0
1491	S. saprophyticus	PG-2021_49	0
1492	S. saprophyticus	PG-2021_18	0
1493	S. saprophyticus	PG-2021_21	0
1494	S. saprophyticus	PG-2021_30	0
1495	S. saprophyticus	PG-2021_35	0
1496	S. saprophyticus	PG-2021_36	0
1497	S. saprophyticus	PG-2021_69	0
1498	S. saprophyticus	PG-2021_58	0
1499	S. saprophyticus	PG-2021_57	0
1500	S. saprophyticus	PG-2021_65	0
1501	S. saprophyticus	PG-2021_81	0
1502	S. saprophyticus	PG-2021_83	0
1503	S. saprophyticus	PG-2021_66	0
1504	S. saprophyticus	PG-2021_56	0
1505	S. saprophyticus	PG-2021_71	0
1506	S. saprophyticus	PG-2021_1	0
1507	S. saprophyticus	PG-2021_62	0
1508	S. saprophyticus	PG-2021_75	0
1509	S. saprophyticus	PG-2021_61	0
1510	S. saprophyticus	PG-2021_79	0
1511	S. saprophyticus	PG-2021_60	0
1512	S. saprophyticus	PG-2021_5	0
1513	S. saprophyticus	PG-2021_74	0
1514	S. saprophyticus	PG-2021_88	0
1515	S. saprophyticus	PG-2021_82	0
1516	S. saprophyticus	PG-2021_44	0
1517	S. saprophyticus	PG-2021_80	0
1518	S. saprophyticus	PG-2021_54	0
1519	S. saprophyticus	PG-2021_63	0
1520	S. saprophyticus	PG-2021_73	0
1521	S. saprophyticus	PG-2021_72	0
1522	S. saprophyticus	PG-2021_7	0
1523	S. saprophyticus	PG-2021_25	0
1524	S. saprophyticus	PG-2021_19	0
1525	S. saprophyticus	PG-2021_78	0
1526	S. saprophyticus	PG-2021_3	0
1527	S. saprophyticus	PG-2021_77	0
1528	S. saprophyticus	PG-2021_37	0
1529	S. saprophyticus	PG-2021_53	0
1530	S. saprophyticus	PG-2021_70	0
1531	S. saprophyticus	PG-2021_55	0
1532	S. saprophyticus	PG-2021_50	0
1533	S. saprophyticus	PG-2021_51	0
1534	S. saprophyticus	PG-2021_59	0
1535	S. saprophyticus	PG-2021_28	0
1536	S. saprophyticus	PG-2021_27	1
1537	S. saprophyticus	PG-2021_46	0
1538	S. saprophyticus	PG-2021_33	0
1539	S. saprophyticus	PG-2021_31	0
1540	S. saprophyticus	PG-2021_32	0
1541	S. saprophyticus	PG-2021_76	0
1542	S. saprophyticus	PG-2021_42	0
1543	S. saprophyticus	PG-2021_12	0
1544	S. saprophyticus	PG-2021_14	0
1545	S. saprophyticus	PG-2021_23	0
1546	S. saprophyticus	PG-2021_24	0
1547	S. saprophyticus	PG-2021_40	0
1548	S. saprophyticus	PG-2021_39	0
1549	S. saprophyticus	PG-2021_41	0
1550	S. saprophyticus	PG-2021_26	0
1551	S. saprophyticus	PG-2021_11	0
1552	S. saprophyticus	PG-2021_13	0
1553	S. saprophyticus	PG-2021_43	0
1554	S. saprophyticus	PG-2021_22	0
1555	S. saprophyticus	PG-2021_4	0
1556	S. saprophyticus	PG-2021_68	0
1557	S. saprophyticus	PG-2021_52	0
1558	S. saprophyticus	PG-2021_67	0
1559	S. saprophyticus	PG-2021_6	0
1560	S. saprophyticus	PG-2021_90	0
1561	S. saprophyticus	PG-2021_94	0
1562	S. saprophyticus	PG-2021_93	0
1563	S. saprophyticus	PG-2021_89	0
1564	S. hyicus	PG-2021_9	0
1565	S. hyicus	PG-2021_38	0
1566	S. hyicus	PG-2021_16	0
1567	S. hyicus	PG-2021_84	0
1568	S. hyicus	PG-2021_15	1
1569	S. hyicus	PG-2021_45	0
1570	S. hyicus	PG-2021_17	1
1571	S. hyicus	PG-2021_10	0
1572	S. hyicus	PG-2021_86	1
1573	S. hyicus	PG-2021_85	1
1574	S. hyicus	PG-2021_48	1
1575	S. hyicus	PG-2021_2	0
1576	S. hyicus	PG-2021_29	1
1577	S. hyicus	PG-2021_87	0
1578	S. hyicus	PG-2021_8	1
1579	S. hyicus	PG-2021_64	1
1580	S. hyicus	PG-2021_47	0
1581	S. hyicus	PG-2021_34	1
1582	S. hyicus	PG-2021_20	0
1583	S. hyicus	PG-2021_49	0
1584	S. hyicus	PG-2021_18	0
1585	S. hyicus	PG-2021_21	0
1586	S. hyicus	PG-2021_30	0
1587	S. hyicus	PG-2021_35	0
1588	S. hyicus	PG-2021_36	0
1589	S. hyicus	PG-2021_69	0
1590	S. hyicus	PG-2021_58	0
1591	S. hyicus	PG-2021_57	0
1592	S. hyicus	PG-2021_65	0
1593	S. hyicus	PG-2021_81	0
1594	S. hyicus	PG-2021_83	0
1595	S. hyicus	PG-2021_66	0
1596	S. hyicus	PG-2021_56	0
1597	S. hyicus	PG-2021_71	0
1598	S. hyicus	PG-2021_1	0
1599	S. hyicus	PG-2021_62	0
1600	S. hyicus	PG-2021_75	0
1601	S. hyicus	PG-2021_61	0
1602	S. hyicus	PG-2021_79	0
1603	S. hyicus	PG-2021_60	0
1604	S. hyicus	PG-2021_5	0
1605	S. hyicus	PG-2021_74	0
1606	S. hyicus	PG-2021_88	0
1607	S. hyicus	PG-2021_82	0
1608	S. hyicus	PG-2021_44	0
1609	S. hyicus	PG-2021_80	0
1610	S. hyicus	PG-2021_54	0
1611	S. hyicus	PG-2021_63	0
1612	S. hyicus	PG-2021_73	0
1613	S. hyicus	PG-2021_72	0
1614	S. hyicus	PG-2021_7	1
1615	S. hyicus	PG-2021_25	0
1616	S. hyicus	PG-2021_19	0
1617	S. hyicus	PG-2021_78	0
1618	S. hyicus	PG-2021_3	0
1619	S. hyicus	PG-2021_77	0
1620	S. hyicus	PG-2021_37	0
1621	S. hyicus	PG-2021_53	0
1622	S. hyicus	PG-2021_70	0
1623	S. hyicus	PG-2021_55	0
1624	S. hyicus	PG-2021_50	0
1625	S. hyicus	PG-2021_51	0
1626	S. hyicus	PG-2021_59	0
1627	S. hyicus	PG-2021_28	0
1628	S. hyicus	PG-2021_27	0
1629	S. hyicus	PG-2021_46	0
1630	S. hyicus	PG-2021_33	0
1631	S. hyicus	PG-2021_31	0
1632	S. hyicus	PG-2021_32	0
1633	S. hyicus	PG-2021_76	0
1634	S. hyicus	PG-2021_42	0
1635	S. hyicus	PG-2021_12	0
1636	S. hyicus	PG-2021_14	0
1637	S. hyicus	PG-2021_23	0
1638	S. hyicus	PG-2021_24	0
1639	S. hyicus	PG-2021_40	0
1640	S. hyicus	PG-2021_39	0
1641	S. hyicus	PG-2021_41	0
1642	S. hyicus	PG-2021_26	0
1643	S. hyicus	PG-2021_11	0
1644	S. hyicus	PG-2021_13	0
1645	S. hyicus	PG-2021_43	0
1646	S. hyicus	PG-2021_22	0
1647	S. hyicus	PG-2021_4	0
1648	S. hyicus	PG-2021_68	0
1649	S. hyicus	PG-2021_52	0
1650	S. hyicus	PG-2021_67	0
1651	S. hyicus	PG-2021_6	0
1652	S. hyicus	PG-2021_90	0
1653	S. hyicus	PG-2021_94	0
1654	S. hyicus	PG-2021_93	0
1655	S. hyicus	PG-2021_89	0
1656	S. pseudintermedius	PG-2021_9	0
1657	S. pseudintermedius	PG-2021_38	0
1658	S. pseudintermedius	PG-2021_16	0
1659	S. pseudintermedius	PG-2021_84	0
1660	S. pseudintermedius	PG-2021_15	0
1661	S. pseudintermedius	PG-2021_45	0
1662	S. pseudintermedius	PG-2021_17	1
1663	S. pseudintermedius	PG-2021_10	0
1664	S. pseudintermedius	PG-2021_86	0
1665	S. pseudintermedius	PG-2021_85	0
1666	S. pseudintermedius	PG-2021_48	0
1667	S. pseudintermedius	PG-2021_2	0
1668	S. pseudintermedius	PG-2021_29	0
1669	S. pseudintermedius	PG-2021_87	0
1670	S. pseudintermedius	PG-2021_8	0
1671	S. pseudintermedius	PG-2021_64	0
1672	S. pseudintermedius	PG-2021_47	0
1673	S. pseudintermedius	PG-2021_34	0
1674	S. pseudintermedius	PG-2021_20	0
1675	S. pseudintermedius	PG-2021_49	0
1676	S. pseudintermedius	PG-2021_18	0
1677	S. pseudintermedius	PG-2021_21	0
1678	S. pseudintermedius	PG-2021_30	0
1679	S. pseudintermedius	PG-2021_35	0
1680	S. pseudintermedius	PG-2021_36	0
1681	S. pseudintermedius	PG-2021_69	0
1682	S. pseudintermedius	PG-2021_58	0
1683	S. pseudintermedius	PG-2021_57	0
1684	S. pseudintermedius	PG-2021_65	0
1685	S. pseudintermedius	PG-2021_81	0
1686	S. pseudintermedius	PG-2021_83	0
1687	S. pseudintermedius	PG-2021_66	0
1688	S. pseudintermedius	PG-2021_56	0
1689	S. pseudintermedius	PG-2021_71	0
1690	S. pseudintermedius	PG-2021_1	0
1691	S. pseudintermedius	PG-2021_62	0
1692	S. pseudintermedius	PG-2021_75	0
1693	S. pseudintermedius	PG-2021_61	0
1694	S. pseudintermedius	PG-2021_79	0
1695	S. pseudintermedius	PG-2021_60	0
1696	S. pseudintermedius	PG-2021_5	0
1697	S. pseudintermedius	PG-2021_74	0
1698	S. pseudintermedius	PG-2021_88	0
1699	S. pseudintermedius	PG-2021_82	0
1700	S. pseudintermedius	PG-2021_44	0
1701	S. pseudintermedius	PG-2021_80	0
1702	S. pseudintermedius	PG-2021_54	0
1703	S. pseudintermedius	PG-2021_63	0
1704	S. pseudintermedius	PG-2021_73	0
1705	S. pseudintermedius	PG-2021_72	0
1706	S. pseudintermedius	PG-2021_7	0
1707	S. pseudintermedius	PG-2021_25	0
1708	S. pseudintermedius	PG-2021_19	0
1709	S. pseudintermedius	PG-2021_78	0
1710	S. pseudintermedius	PG-2021_3	0
1711	S. pseudintermedius	PG-2021_77	0
1712	S. pseudintermedius	PG-2021_37	0
1713	S. pseudintermedius	PG-2021_53	0
1714	S. pseudintermedius	PG-2021_70	0
1715	S. pseudintermedius	PG-2021_55	0
1716	S. pseudintermedius	PG-2021_50	0
1717	S. pseudintermedius	PG-2021_51	0
1718	S. pseudintermedius	PG-2021_59	0
1719	S. pseudintermedius	PG-2021_28	0
1720	S. pseudintermedius	PG-2021_27	0
1721	S. pseudintermedius	PG-2021_46	0
1722	S. pseudintermedius	PG-2021_33	0
1723	S. pseudintermedius	PG-2021_31	0
1724	S. pseudintermedius	PG-2021_32	0
1725	S. pseudintermedius	PG-2021_76	0
1726	S. pseudintermedius	PG-2021_42	0
1727	S. pseudintermedius	PG-2021_12	0
1728	S. pseudintermedius	PG-2021_14	0
1729	S. pseudintermedius	PG-2021_23	0
1730	S. pseudintermedius	PG-2021_24	0
1731	S. pseudintermedius	PG-2021_40	0
1732	S. pseudintermedius	PG-2021_39	0
1733	S. pseudintermedius	PG-2021_41	0
1734	S. pseudintermedius	PG-2021_26	0
1735	S. pseudintermedius	PG-2021_11	0
1736	S. pseudintermedius	PG-2021_13	0
1737	S. pseudintermedius	PG-2021_43	0
1738	S. pseudintermedius	PG-2021_22	0
1739	S. pseudintermedius	PG-2021_4	0
1740	S. pseudintermedius	PG-2021_68	0
1741	S. pseudintermedius	PG-2021_52	0
1742	S. pseudintermedius	PG-2021_67	0
1743	S. pseudintermedius	PG-2021_6	0
1744	S. pseudintermedius	PG-2021_90	0
1745	S. pseudintermedius	PG-2021_94	0
1746	S. pseudintermedius	PG-2021_93	0
1747	S. pseudintermedius	PG-2021_89	0
1748	S. auricularis	PG-2021_9	0
1749	S. auricularis	PG-2021_38	0
1750	S. auricularis	PG-2021_16	0
1751	S. auricularis	PG-2021_84	0
1752	S. auricularis	PG-2021_15	0
1753	S. auricularis	PG-2021_45	0
1754	S. auricularis	PG-2021_17	1
1755	S. auricularis	PG-2021_10	0
1756	S. auricularis	PG-2021_86	1
1757	S. auricularis	PG-2021_85	0
1758	S. auricularis	PG-2021_48	0
1759	S. auricularis	PG-2021_2	0
1760	S. auricularis	PG-2021_29	0
1761	S. auricularis	PG-2021_87	0
1762	S. auricularis	PG-2021_8	1
1763	S. auricularis	PG-2021_64	1
1764	S. auricularis	PG-2021_47	0
1765	S. auricularis	PG-2021_34	1
1766	S. auricularis	PG-2021_20	0
1767	S. auricularis	PG-2021_49	0
1768	S. auricularis	PG-2021_18	0
1769	S. auricularis	PG-2021_21	0
1770	S. auricularis	PG-2021_30	0
1771	S. auricularis	PG-2021_35	0
1772	S. auricularis	PG-2021_36	0
1773	S. auricularis	PG-2021_69	0
1774	S. auricularis	PG-2021_58	0
1775	S. auricularis	PG-2021_57	0
1776	S. auricularis	PG-2021_65	0
1777	S. auricularis	PG-2021_81	0
1778	S. auricularis	PG-2021_83	0
1779	S. auricularis	PG-2021_66	0
1780	S. auricularis	PG-2021_56	0
1781	S. auricularis	PG-2021_71	0
1782	S. auricularis	PG-2021_1	0
1783	S. auricularis	PG-2021_62	0
1784	S. auricularis	PG-2021_75	0
1785	S. auricularis	PG-2021_61	0
1786	S. auricularis	PG-2021_79	0
1787	S. auricularis	PG-2021_60	0
1788	S. auricularis	PG-2021_5	0
1789	S. auricularis	PG-2021_74	0
1790	S. auricularis	PG-2021_88	0
1791	S. auricularis	PG-2021_82	0
1792	S. auricularis	PG-2021_44	0
1793	S. auricularis	PG-2021_80	0
1794	S. auricularis	PG-2021_54	0
1795	S. auricularis	PG-2021_63	0
1796	S. auricularis	PG-2021_73	0
1797	S. auricularis	PG-2021_72	0
1798	S. auricularis	PG-2021_7	1
1799	S. auricularis	PG-2021_25	0
1800	S. auricularis	PG-2021_19	0
1801	S. auricularis	PG-2021_78	0
1802	S. auricularis	PG-2021_3	0
1803	S. auricularis	PG-2021_77	0
1804	S. auricularis	PG-2021_37	0
1805	S. auricularis	PG-2021_53	0
1806	S. auricularis	PG-2021_70	0
1807	S. auricularis	PG-2021_55	0
1808	S. auricularis	PG-2021_50	0
1809	S. auricularis	PG-2021_51	0
1810	S. auricularis	PG-2021_59	0
1811	S. auricularis	PG-2021_28	0
1812	S. auricularis	PG-2021_27	0
1813	S. auricularis	PG-2021_46	0
1814	S. auricularis	PG-2021_33	0
1815	S. auricularis	PG-2021_31	0
1816	S. auricularis	PG-2021_32	0
1817	S. auricularis	PG-2021_76	0
1818	S. auricularis	PG-2021_42	0
1819	S. auricularis	PG-2021_12	0
1820	S. auricularis	PG-2021_14	0
1821	S. auricularis	PG-2021_23	0
1822	S. auricularis	PG-2021_24	0
1823	S. auricularis	PG-2021_40	0
1824	S. auricularis	PG-2021_39	0
1825	S. auricularis	PG-2021_41	0
1826	S. auricularis	PG-2021_26	0
1827	S. auricularis	PG-2021_11	0
1828	S. auricularis	PG-2021_13	0
1829	S. auricularis	PG-2021_43	0
1830	S. auricularis	PG-2021_22	0
1831	S. auricularis	PG-2021_4	0
1832	S. auricularis	PG-2021_68	0
1833	S. auricularis	PG-2021_52	0
1834	S. auricularis	PG-2021_67	0
1835	S. auricularis	PG-2021_6	0
1836	S. auricularis	PG-2021_90	0
1837	S. auricularis	PG-2021_94	0
1838	S. auricularis	PG-2021_93	0
1839	S. auricularis	PG-2021_89	0
1840	S. pettenkoferi	PG-2021_9	0
1841	S. pettenkoferi	PG-2021_38	0
1842	S. pettenkoferi	PG-2021_16	0
1843	S. pettenkoferi	PG-2021_84	0
1844	S. pettenkoferi	PG-2021_15	0
1845	S. pettenkoferi	PG-2021_45	0
1846	S. pettenkoferi	PG-2021_17	1
1847	S. pettenkoferi	PG-2021_10	0
1848	S. pettenkoferi	PG-2021_86	0
1849	S. pettenkoferi	PG-2021_85	0
1850	S. pettenkoferi	PG-2021_48	0
1851	S. pettenkoferi	PG-2021_2	0
1852	S. pettenkoferi	PG-2021_29	0
1853	S. pettenkoferi	PG-2021_87	0
1854	S. pettenkoferi	PG-2021_8	1
1855	S. pettenkoferi	PG-2021_64	1
1856	S. pettenkoferi	PG-2021_47	0
1857	S. pettenkoferi	PG-2021_34	0
1858	S. pettenkoferi	PG-2021_20	1
1859	S. pettenkoferi	PG-2021_49	0
1860	S. pettenkoferi	PG-2021_18	0
1861	S. pettenkoferi	PG-2021_21	1
1862	S. pettenkoferi	PG-2021_30	0
1863	S. pettenkoferi	PG-2021_35	0
1864	S. pettenkoferi	PG-2021_36	0
1865	S. pettenkoferi	PG-2021_69	1
1866	S. pettenkoferi	PG-2021_58	1
1867	S. pettenkoferi	PG-2021_57	0
1868	S. pettenkoferi	PG-2021_65	1
1869	S. pettenkoferi	PG-2021_81	1
1870	S. pettenkoferi	PG-2021_83	0
1871	S. pettenkoferi	PG-2021_66	0
1872	S. pettenkoferi	PG-2021_56	1
1873	S. pettenkoferi	PG-2021_71	0
1874	S. pettenkoferi	PG-2021_1	1
1875	S. pettenkoferi	PG-2021_62	1
1876	S. pettenkoferi	PG-2021_75	0
1877	S. pettenkoferi	PG-2021_61	1
1878	S. pettenkoferi	PG-2021_79	1
1879	S. pettenkoferi	PG-2021_60	1
1880	S. pettenkoferi	PG-2021_5	0
1881	S. pettenkoferi	PG-2021_74	0
1882	S. pettenkoferi	PG-2021_88	0
1883	S. pettenkoferi	PG-2021_82	0
1884	S. pettenkoferi	PG-2021_44	0
1885	S. pettenkoferi	PG-2021_80	1
1886	S. pettenkoferi	PG-2021_54	1
1887	S. pettenkoferi	PG-2021_63	0
1888	S. pettenkoferi	PG-2021_73	1
1889	S. pettenkoferi	PG-2021_72	0
1890	S. pettenkoferi	PG-2021_7	0
1891	S. pettenkoferi	PG-2021_25	0
1892	S. pettenkoferi	PG-2021_19	0
1893	S. pettenkoferi	PG-2021_78	0
1894	S. pettenkoferi	PG-2021_3	0
1895	S. pettenkoferi	PG-2021_77	0
1896	S. pettenkoferi	PG-2021_37	1
1897	S. pettenkoferi	PG-2021_53	0
1898	S. pettenkoferi	PG-2021_70	0
1899	S. pettenkoferi	PG-2021_55	0
1900	S. pettenkoferi	PG-2021_50	0
1901	S. pettenkoferi	PG-2021_51	0
1902	S. pettenkoferi	PG-2021_59	0
1903	S. pettenkoferi	PG-2021_28	0
1904	S. pettenkoferi	PG-2021_27	0
1905	S. pettenkoferi	PG-2021_46	0
1906	S. pettenkoferi	PG-2021_33	0
1907	S. pettenkoferi	PG-2021_31	0
1908	S. pettenkoferi	PG-2021_32	0
1909	S. pettenkoferi	PG-2021_76	0
1910	S. pettenkoferi	PG-2021_42	0
1911	S. pettenkoferi	PG-2021_12	0
1912	S. pettenkoferi	PG-2021_14	0
1913	S. pettenkoferi	PG-2021_23	0
1914	S. pettenkoferi	PG-2021_24	0
1915	S. pettenkoferi	PG-2021_40	0
1916	S. pettenkoferi	PG-2021_39	0
1917	S. pettenkoferi	PG-2021_41	0
1918	S. pettenkoferi	PG-2021_26	0
1919	S. pettenkoferi	PG-2021_11	0
1920	S. pettenkoferi	PG-2021_13	0
1921	S. pettenkoferi	PG-2021_43	0
1922	S. pettenkoferi	PG-2021_22	0
1923	S. pettenkoferi	PG-2021_4	0
1924	S. pettenkoferi	PG-2021_68	0
1925	S. pettenkoferi	PG-2021_52	0
1926	S. pettenkoferi	PG-2021_67	0
1927	S. pettenkoferi	PG-2021_6	0
1928	S. pettenkoferi	PG-2021_90	0
1929	S. pettenkoferi	PG-2021_94	0
1930	S. pettenkoferi	PG-2021_93	0
1931	S. pettenkoferi	PG-2021_89	0
1932	S. haemolyticus	PG-2021_9	0
1933	S. haemolyticus	PG-2021_38	0
1934	S. haemolyticus	PG-2021_16	0
1935	S. haemolyticus	PG-2021_84	0
1936	S. haemolyticus	PG-2021_15	0
1937	S. haemolyticus	PG-2021_45	0
1938	S. haemolyticus	PG-2021_17	0
1939	S. haemolyticus	PG-2021_10	0
1940	S. haemolyticus	PG-2021_86	0
1941	S. haemolyticus	PG-2021_85	0
1942	S. haemolyticus	PG-2021_48	0
1943	S. haemolyticus	PG-2021_2	0
1944	S. haemolyticus	PG-2021_29	0
1945	S. haemolyticus	PG-2021_87	0
1946	S. haemolyticus	PG-2021_8	0
1947	S. haemolyticus	PG-2021_64	0
1948	S. haemolyticus	PG-2021_47	0
1949	S. haemolyticus	PG-2021_34	0
1950	S. haemolyticus	PG-2021_20	1
1951	S. haemolyticus	PG-2021_49	0
1952	S. haemolyticus	PG-2021_18	0
1953	S. haemolyticus	PG-2021_21	1
1954	S. haemolyticus	PG-2021_30	0
1955	S. haemolyticus	PG-2021_35	0
1956	S. haemolyticus	PG-2021_36	0
1957	S. haemolyticus	PG-2021_69	0
1958	S. haemolyticus	PG-2021_58	0
1959	S. haemolyticus	PG-2021_57	0
1960	S. haemolyticus	PG-2021_65	0
1961	S. haemolyticus	PG-2021_81	0
1962	S. haemolyticus	PG-2021_83	0
1963	S. haemolyticus	PG-2021_66	0
1964	S. haemolyticus	PG-2021_56	0
1965	S. haemolyticus	PG-2021_71	0
1966	S. haemolyticus	PG-2021_1	0
1967	S. haemolyticus	PG-2021_62	0
1968	S. haemolyticus	PG-2021_75	0
1969	S. haemolyticus	PG-2021_61	0
1970	S. haemolyticus	PG-2021_79	0
1971	S. haemolyticus	PG-2021_60	0
1972	S. haemolyticus	PG-2021_5	0
1973	S. haemolyticus	PG-2021_74	0
1974	S. haemolyticus	PG-2021_88	0
1975	S. haemolyticus	PG-2021_82	0
1976	S. haemolyticus	PG-2021_44	1
1977	S. haemolyticus	PG-2021_80	0
1978	S. haemolyticus	PG-2021_54	0
1979	S. haemolyticus	PG-2021_63	0
1980	S. haemolyticus	PG-2021_73	0
1981	S. haemolyticus	PG-2021_72	0
1982	S. haemolyticus	PG-2021_7	0
1983	S. haemolyticus	PG-2021_25	1
1984	S. haemolyticus	PG-2021_19	1
1985	S. haemolyticus	PG-2021_78	0
1986	S. haemolyticus	PG-2021_3	1
1987	S. haemolyticus	PG-2021_77	1
1988	S. haemolyticus	PG-2021_37	1
1989	S. haemolyticus	PG-2021_53	1
1990	S. haemolyticus	PG-2021_70	0
1991	S. haemolyticus	PG-2021_55	0
1992	S. haemolyticus	PG-2021_50	0
1993	S. haemolyticus	PG-2021_51	0
1994	S. haemolyticus	PG-2021_59	0
1995	S. haemolyticus	PG-2021_28	0
1996	S. haemolyticus	PG-2021_27	0
1997	S. haemolyticus	PG-2021_46	1
1998	S. haemolyticus	PG-2021_33	0
1999	S. haemolyticus	PG-2021_31	0
2000	S. haemolyticus	PG-2021_32	0
2001	S. haemolyticus	PG-2021_76	0
2002	S. haemolyticus	PG-2021_42	1
2003	S. haemolyticus	PG-2021_12	0
2004	S. haemolyticus	PG-2021_14	0
2005	S. haemolyticus	PG-2021_23	0
2006	S. haemolyticus	PG-2021_24	0
2007	S. haemolyticus	PG-2021_40	0
2008	S. haemolyticus	PG-2021_39	0
2009	S. haemolyticus	PG-2021_41	1
2010	S. haemolyticus	PG-2021_26	0
2011	S. haemolyticus	PG-2021_11	1
2012	S. haemolyticus	PG-2021_13	1
2013	S. haemolyticus	PG-2021_43	1
2014	S. haemolyticus	PG-2021_22	1
2015	S. haemolyticus	PG-2021_4	0
2016	S. haemolyticus	PG-2021_68	0
2017	S. haemolyticus	PG-2021_52	0
2018	S. haemolyticus	PG-2021_67	0
2019	S. haemolyticus	PG-2021_6	0
2020	S. haemolyticus	PG-2021_90	0
2021	S. haemolyticus	PG-2021_94	0
2022	S. haemolyticus	PG-2021_93	0
2023	S. haemolyticus	PG-2021_89	0
2024	S. caprae	PG-2021_9	0
2025	S. caprae	PG-2021_38	0
2026	S. caprae	PG-2021_16	0
2027	S. caprae	PG-2021_84	0
2028	S. caprae	PG-2021_15	0
2029	S. caprae	PG-2021_45	0
2030	S. caprae	PG-2021_17	0
2031	S. caprae	PG-2021_10	0
2032	S. caprae	PG-2021_86	0
2033	S. caprae	PG-2021_85	0
2034	S. caprae	PG-2021_48	0
2035	S. caprae	PG-2021_2	0
2036	S. caprae	PG-2021_29	0
2037	S. caprae	PG-2021_87	0
2038	S. caprae	PG-2021_8	0
2039	S. caprae	PG-2021_64	0
2040	S. caprae	PG-2021_47	0
2041	S. caprae	PG-2021_34	0
2042	S. caprae	PG-2021_20	0
2043	S. caprae	PG-2021_49	0
2044	S. caprae	PG-2021_18	0
2045	S. caprae	PG-2021_21	0
2046	S. caprae	PG-2021_30	0
2047	S. caprae	PG-2021_35	0
2048	S. caprae	PG-2021_36	0
2049	S. caprae	PG-2021_69	0
2050	S. caprae	PG-2021_58	1
2051	S. caprae	PG-2021_57	1
2052	S. caprae	PG-2021_65	0
2053	S. caprae	PG-2021_81	0
2054	S. caprae	PG-2021_83	1
2055	S. caprae	PG-2021_66	0
2056	S. caprae	PG-2021_56	0
2057	S. caprae	PG-2021_71	1
2058	S. caprae	PG-2021_1	0
2059	S. caprae	PG-2021_62	0
2060	S. caprae	PG-2021_75	1
2061	S. caprae	PG-2021_61	0
2062	S. caprae	PG-2021_79	1
2063	S. caprae	PG-2021_60	0
2064	S. caprae	PG-2021_5	1
2065	S. caprae	PG-2021_74	1
2066	S. caprae	PG-2021_88	0
2067	S. caprae	PG-2021_82	1
2068	S. caprae	PG-2021_44	1
2069	S. caprae	PG-2021_80	0
2070	S. caprae	PG-2021_54	0
2071	S. caprae	PG-2021_63	0
2072	S. caprae	PG-2021_73	0
2073	S. caprae	PG-2021_72	1
2074	S. caprae	PG-2021_7	0
2075	S. caprae	PG-2021_25	0
2076	S. caprae	PG-2021_19	0
2077	S. caprae	PG-2021_78	0
2078	S. caprae	PG-2021_3	0
2079	S. caprae	PG-2021_77	0
2080	S. caprae	PG-2021_37	0
2081	S. caprae	PG-2021_53	0
2082	S. caprae	PG-2021_70	1
2083	S. caprae	PG-2021_55	0
2084	S. caprae	PG-2021_50	0
2085	S. caprae	PG-2021_51	0
2086	S. caprae	PG-2021_59	1
2087	S. caprae	PG-2021_28	0
2088	S. caprae	PG-2021_27	0
2089	S. caprae	PG-2021_46	0
2090	S. caprae	PG-2021_33	0
2091	S. caprae	PG-2021_31	0
2092	S. caprae	PG-2021_32	0
2093	S. caprae	PG-2021_76	0
2094	S. caprae	PG-2021_42	0
2095	S. caprae	PG-2021_12	0
2096	S. caprae	PG-2021_14	0
2097	S. caprae	PG-2021_23	0
2098	S. caprae	PG-2021_24	0
2099	S. caprae	PG-2021_40	0
2100	S. caprae	PG-2021_39	0
2101	S. caprae	PG-2021_41	0
2102	S. caprae	PG-2021_26	0
2103	S. caprae	PG-2021_11	0
2104	S. caprae	PG-2021_13	0
2105	S. caprae	PG-2021_43	0
2106	S. caprae	PG-2021_22	0
2107	S. caprae	PG-2021_4	0
2108	S. caprae	PG-2021_68	0
2109	S. caprae	PG-2021_52	0
2110	S. caprae	PG-2021_67	0
2111	S. caprae	PG-2021_6	0
2112	S. caprae	PG-2021_90	0
2113	S. caprae	PG-2021_94	0
2114	S. caprae	PG-2021_93	0
2115	S. caprae	PG-2021_89	0
2116	S. nepalensis	PG-2021_9	0
2117	S. nepalensis	PG-2021_38	0
2118	S. nepalensis	PG-2021_16	0
2119	S. nepalensis	PG-2021_84	0
2120	S. nepalensis	PG-2021_15	0
2121	S. nepalensis	PG-2021_45	0
2122	S. nepalensis	PG-2021_17	0
2123	S. nepalensis	PG-2021_10	0
2124	S. nepalensis	PG-2021_86	0
2125	S. nepalensis	PG-2021_85	0
2126	S. nepalensis	PG-2021_48	0
2127	S. nepalensis	PG-2021_2	0
2128	S. nepalensis	PG-2021_29	0
2129	S. nepalensis	PG-2021_87	0
2130	S. nepalensis	PG-2021_8	0
2131	S. nepalensis	PG-2021_64	0
2132	S. nepalensis	PG-2021_47	0
2133	S. nepalensis	PG-2021_34	0
2134	S. nepalensis	PG-2021_20	0
2135	S. nepalensis	PG-2021_49	0
2136	S. nepalensis	PG-2021_18	0
2137	S. nepalensis	PG-2021_21	0
2138	S. nepalensis	PG-2021_30	0
2139	S. nepalensis	PG-2021_35	0
2140	S. nepalensis	PG-2021_36	0
2141	S. nepalensis	PG-2021_69	0
2142	S. nepalensis	PG-2021_58	0
2143	S. nepalensis	PG-2021_57	0
2144	S. nepalensis	PG-2021_65	0
2145	S. nepalensis	PG-2021_81	0
2146	S. nepalensis	PG-2021_83	0
2147	S. nepalensis	PG-2021_66	0
2148	S. nepalensis	PG-2021_56	0
2149	S. nepalensis	PG-2021_71	0
2150	S. nepalensis	PG-2021_1	0
2151	S. nepalensis	PG-2021_62	0
2152	S. nepalensis	PG-2021_75	1
2153	S. nepalensis	PG-2021_61	0
2154	S. nepalensis	PG-2021_79	0
2155	S. nepalensis	PG-2021_60	0
2156	S. nepalensis	PG-2021_5	0
2157	S. nepalensis	PG-2021_74	0
2158	S. nepalensis	PG-2021_88	0
2159	S. nepalensis	PG-2021_82	0
2160	S. nepalensis	PG-2021_44	0
2161	S. nepalensis	PG-2021_80	0
2162	S. nepalensis	PG-2021_54	0
2163	S. nepalensis	PG-2021_63	0
2164	S. nepalensis	PG-2021_73	0
2165	S. nepalensis	PG-2021_72	0
2166	S. nepalensis	PG-2021_7	0
2167	S. nepalensis	PG-2021_25	0
2168	S. nepalensis	PG-2021_19	0
2169	S. nepalensis	PG-2021_78	0
2170	S. nepalensis	PG-2021_3	0
2171	S. nepalensis	PG-2021_77	0
2172	S. nepalensis	PG-2021_37	0
2173	S. nepalensis	PG-2021_53	0
2174	S. nepalensis	PG-2021_70	0
2175	S. nepalensis	PG-2021_55	0
2176	S. nepalensis	PG-2021_50	0
2177	S. nepalensis	PG-2021_51	0
2178	S. nepalensis	PG-2021_59	0
2179	S. nepalensis	PG-2021_28	0
2180	S. nepalensis	PG-2021_27	0
2181	S. nepalensis	PG-2021_46	0
2182	S. nepalensis	PG-2021_33	0
2183	S. nepalensis	PG-2021_31	0
2184	S. nepalensis	PG-2021_32	0
2185	S. nepalensis	PG-2021_76	0
2186	S. nepalensis	PG-2021_42	0
2187	S. nepalensis	PG-2021_12	0
2188	S. nepalensis	PG-2021_14	0
2189	S. nepalensis	PG-2021_23	0
2190	S. nepalensis	PG-2021_24	0
2191	S. nepalensis	PG-2021_40	0
2192	S. nepalensis	PG-2021_39	0
2193	S. nepalensis	PG-2021_41	0
2194	S. nepalensis	PG-2021_26	0
2195	S. nepalensis	PG-2021_11	0
2196	S. nepalensis	PG-2021_13	0
2197	S. nepalensis	PG-2021_43	0
2198	S. nepalensis	PG-2021_22	0
2199	S. nepalensis	PG-2021_4	0
2200	S. nepalensis	PG-2021_68	0
2201	S. nepalensis	PG-2021_52	0
2202	S. nepalensis	PG-2021_67	0
2203	S. nepalensis	PG-2021_6	0
2204	S. nepalensis	PG-2021_90	0
2205	S. nepalensis	PG-2021_94	0
2206	S. nepalensis	PG-2021_93	0
2207	S. nepalensis	PG-2021_89	0
2208	S. arlettae	PG-2021_9	0
2209	S. arlettae	PG-2021_38	0
2210	S. arlettae	PG-2021_16	0
2211	S. arlettae	PG-2021_84	0
2212	S. arlettae	PG-2021_15	0
2213	S. arlettae	PG-2021_45	0
2214	S. arlettae	PG-2021_17	0
2215	S. arlettae	PG-2021_10	0
2216	S. arlettae	PG-2021_86	0
2217	S. arlettae	PG-2021_85	0
2218	S. arlettae	PG-2021_48	0
2219	S. arlettae	PG-2021_2	0
2220	S. arlettae	PG-2021_29	0
2221	S. arlettae	PG-2021_87	0
2222	S. arlettae	PG-2021_8	0
2223	S. arlettae	PG-2021_64	0
2224	S. arlettae	PG-2021_47	0
2225	S. arlettae	PG-2021_34	0
2226	S. arlettae	PG-2021_20	0
2227	S. arlettae	PG-2021_49	0
2228	S. arlettae	PG-2021_18	0
2229	S. arlettae	PG-2021_21	0
2230	S. arlettae	PG-2021_30	0
2231	S. arlettae	PG-2021_35	0
2232	S. arlettae	PG-2021_36	0
2233	S. arlettae	PG-2021_69	0
2234	S. arlettae	PG-2021_58	0
2235	S. arlettae	PG-2021_57	0
2236	S. arlettae	PG-2021_65	0
2237	S. arlettae	PG-2021_81	0
2238	S. arlettae	PG-2021_83	0
2239	S. arlettae	PG-2021_66	0
2240	S. arlettae	PG-2021_56	0
2241	S. arlettae	PG-2021_71	0
2242	S. arlettae	PG-2021_1	0
2243	S. arlettae	PG-2021_62	0
2244	S. arlettae	PG-2021_75	0
2245	S. arlettae	PG-2021_61	0
2246	S. arlettae	PG-2021_79	0
2247	S. arlettae	PG-2021_60	0
2248	S. arlettae	PG-2021_5	0
2249	S. arlettae	PG-2021_74	0
2250	S. arlettae	PG-2021_88	0
2251	S. arlettae	PG-2021_82	0
2252	S. arlettae	PG-2021_44	0
2253	S. arlettae	PG-2021_80	0
2254	S. arlettae	PG-2021_54	0
2255	S. arlettae	PG-2021_63	1
2256	S. arlettae	PG-2021_73	0
2257	S. arlettae	PG-2021_72	0
2258	S. arlettae	PG-2021_7	0
2259	S. arlettae	PG-2021_25	0
2260	S. arlettae	PG-2021_19	0
2261	S. arlettae	PG-2021_78	1
2262	S. arlettae	PG-2021_3	0
2263	S. arlettae	PG-2021_77	0
2264	S. arlettae	PG-2021_37	1
2265	S. arlettae	PG-2021_53	0
2266	S. arlettae	PG-2021_70	0
2267	S. arlettae	PG-2021_55	0
2268	S. arlettae	PG-2021_50	0
2269	S. arlettae	PG-2021_51	0
2270	S. arlettae	PG-2021_59	0
2271	S. arlettae	PG-2021_28	0
2272	S. arlettae	PG-2021_27	0
2273	S. arlettae	PG-2021_46	0
2274	S. arlettae	PG-2021_33	0
2275	S. arlettae	PG-2021_31	0
2276	S. arlettae	PG-2021_32	0
2277	S. arlettae	PG-2021_76	0
2278	S. arlettae	PG-2021_42	0
2279	S. arlettae	PG-2021_12	0
2280	S. arlettae	PG-2021_14	0
2281	S. arlettae	PG-2021_23	0
2282	S. arlettae	PG-2021_24	0
2283	S. arlettae	PG-2021_40	0
2284	S. arlettae	PG-2021_39	0
2285	S. arlettae	PG-2021_41	0
2286	S. arlettae	PG-2021_26	0
2287	S. arlettae	PG-2021_11	0
2288	S. arlettae	PG-2021_13	0
2289	S. arlettae	PG-2021_43	0
2290	S. arlettae	PG-2021_22	0
2291	S. arlettae	PG-2021_4	0
2292	S. arlettae	PG-2021_68	0
2293	S. arlettae	PG-2021_52	0
2294	S. arlettae	PG-2021_67	0
2295	S. arlettae	PG-2021_6	0
2296	S. arlettae	PG-2021_90	0
2297	S. arlettae	PG-2021_94	0
2298	S. arlettae	PG-2021_93	0
2299	S. arlettae	PG-2021_89	0
2300	S. hominis	PG-2021_9	0
2301	S. hominis	PG-2021_38	0
2302	S. hominis	PG-2021_16	0
2303	S. hominis	PG-2021_84	0
2304	S. hominis	PG-2021_15	0
2305	S. hominis	PG-2021_45	0
2306	S. hominis	PG-2021_17	0
2307	S. hominis	PG-2021_10	0
2308	S. hominis	PG-2021_86	0
2309	S. hominis	PG-2021_85	0
2310	S. hominis	PG-2021_48	0
2311	S. hominis	PG-2021_2	0
2312	S. hominis	PG-2021_29	0
2313	S. hominis	PG-2021_87	0
2314	S. hominis	PG-2021_8	0
2315	S. hominis	PG-2021_64	0
2316	S. hominis	PG-2021_47	0
2317	S. hominis	PG-2021_34	0
2318	S. hominis	PG-2021_20	0
2319	S. hominis	PG-2021_49	0
2320	S. hominis	PG-2021_18	0
2321	S. hominis	PG-2021_21	0
2322	S. hominis	PG-2021_30	0
2323	S. hominis	PG-2021_35	0
2324	S. hominis	PG-2021_36	0
2325	S. hominis	PG-2021_69	0
2326	S. hominis	PG-2021_58	0
2327	S. hominis	PG-2021_57	0
2328	S. hominis	PG-2021_65	0
2329	S. hominis	PG-2021_81	0
2330	S. hominis	PG-2021_83	0
2331	S. hominis	PG-2021_66	0
2332	S. hominis	PG-2021_56	0
2333	S. hominis	PG-2021_71	0
2334	S. hominis	PG-2021_1	0
2335	S. hominis	PG-2021_62	0
2336	S. hominis	PG-2021_75	0
2337	S. hominis	PG-2021_61	0
2338	S. hominis	PG-2021_79	0
2339	S. hominis	PG-2021_60	0
2340	S. hominis	PG-2021_5	0
2341	S. hominis	PG-2021_74	0
2342	S. hominis	PG-2021_88	0
2343	S. hominis	PG-2021_82	0
2344	S. hominis	PG-2021_44	0
2345	S. hominis	PG-2021_80	0
2346	S. hominis	PG-2021_54	0
2347	S. hominis	PG-2021_63	1
2348	S. hominis	PG-2021_73	0
2349	S. hominis	PG-2021_72	0
2350	S. hominis	PG-2021_7	0
2351	S. hominis	PG-2021_25	0
2352	S. hominis	PG-2021_19	0
2353	S. hominis	PG-2021_78	0
2354	S. hominis	PG-2021_3	0
2355	S. hominis	PG-2021_77	0
2356	S. hominis	PG-2021_37	0
2357	S. hominis	PG-2021_53	0
2358	S. hominis	PG-2021_70	0
2359	S. hominis	PG-2021_55	0
2360	S. hominis	PG-2021_50	0
2361	S. hominis	PG-2021_51	0
2362	S. hominis	PG-2021_59	0
2363	S. hominis	PG-2021_28	0
2364	S. hominis	PG-2021_27	0
2365	S. hominis	PG-2021_46	0
2366	S. hominis	PG-2021_33	0
2367	S. hominis	PG-2021_31	0
2368	S. hominis	PG-2021_32	0
2369	S. hominis	PG-2021_76	0
2370	S. hominis	PG-2021_42	0
2371	S. hominis	PG-2021_12	0
2372	S. hominis	PG-2021_14	0
2373	S. hominis	PG-2021_23	0
2374	S. hominis	PG-2021_24	0
2375	S. hominis	PG-2021_40	0
2376	S. hominis	PG-2021_39	0
2377	S. hominis	PG-2021_41	0
2378	S. hominis	PG-2021_26	0
2379	S. hominis	PG-2021_11	0
2380	S. hominis	PG-2021_13	0
2381	S. hominis	PG-2021_43	0
2382	S. hominis	PG-2021_22	0
2383	S. hominis	PG-2021_4	0
2384	S. hominis	PG-2021_68	0
2385	S. hominis	PG-2021_52	0
2386	S. hominis	PG-2021_67	0
2387	S. hominis	PG-2021_6	0
2388	S. hominis	PG-2021_90	0
2389	S. hominis	PG-2021_94	0
2390	S. hominis	PG-2021_93	0
2391	S. hominis	PG-2021_89	0
2484	S. fleuretti	PG-2021_9	0
2485	S. fleuretti	PG-2021_38	0
2486	S. fleuretti	PG-2021_16	0
2487	S. fleuretti	PG-2021_84	0
2488	S. fleuretti	PG-2021_15	0
2489	S. fleuretti	PG-2021_45	0
2490	S. fleuretti	PG-2021_17	0
2491	S. fleuretti	PG-2021_10	0
2492	S. fleuretti	PG-2021_86	0
2493	S. fleuretti	PG-2021_85	0s
2494	S. fleuretti	PG-2021_48	0
2495	S. fleuretti	PG-2021_2	0
2496	S. fleuretti	PG-2021_29	0
2497	S. fleuretti	PG-2021_87	0
2498	S. fleuretti	PG-2021_8	0
2499	S. fleuretti	PG-2021_64	0
2500	S. fleuretti	PG-2021_47	0
2501	S. fleuretti	PG-2021_34	0
2502	S. fleuretti	PG-2021_20	0
2503	S. fleuretti	PG-2021_49	0
2504	S. fleuretti	PG-2021_18	0
2505	S. fleuretti	PG-2021_21	0
2506	S. fleuretti	PG-2021_30	0
2507	S. fleuretti	PG-2021_35	0
2508	S. fleuretti	PG-2021_36	0
2509	S. fleuretti	PG-2021_69	0
2510	S. fleuretti	PG-2021_58	0
2511	S. fleuretti	PG-2021_57	0
2512	S. fleuretti	PG-2021_65	0
2513	S. fleuretti	PG-2021_81	0
2514	S. fleuretti	PG-2021_83	0
2515	S. fleuretti	PG-2021_66	0
2516	S. fleuretti	PG-2021_56	0
2517	S. fleuretti	PG-2021_71	0
2518	S. fleuretti	PG-2021_1	0
2519	S. fleuretti	PG-2021_62	0
2520	S. fleuretti	PG-2021_75	0
2521	S. fleuretti	PG-2021_61	0
2522	S. fleuretti	PG-2021_79	0
2523	S. fleuretti	PG-2021_60	0
2524	S. fleuretti	PG-2021_5	0
2525	S. fleuretti	PG-2021_74	0
2526	S. fleuretti	PG-2021_88	0
2527	S. fleuretti	PG-2021_82	0
2528	S. fleuretti	PG-2021_44	0
2529	S. fleuretti	PG-2021_80	0
2530	S. fleuretti	PG-2021_54	0
2531	S. fleuretti	PG-2021_63	0
2532	S. fleuretti	PG-2021_73	0
2533	S. fleuretti	PG-2021_72	0
2534	S. fleuretti	PG-2021_7	0
2535	S. fleuretti	PG-2021_25	0
2536	S. fleuretti	PG-2021_19	0
2537	S. fleuretti	PG-2021_78	0
2538	S. fleuretti	PG-2021_3	0
2539	S. fleuretti	PG-2021_77	0
2540	S. fleuretti	PG-2021_37	0
2541	S. fleuretti	PG-2021_53	0
2542	S. fleuretti	PG-2021_70	0
2543	S. fleuretti	PG-2021_55	0
2544	S. fleuretti	PG-2021_50	0
2545	S. fleuretti	PG-2021_51	0
2546	S. fleuretti	PG-2021_59	0
2547	S. fleuretti	PG-2021_28	0
2548	S. fleuretti	PG-2021_27	0
2549	S. fleuretti	PG-2021_46	0
2550	S. fleuretti	PG-2021_33	0
2551	S. fleuretti	PG-2021_31	0
2552	S. fleuretti	PG-2021_32	0
2553	S. fleuretti	PG-2021_76	0
2554	S. fleuretti	PG-2021_42	1
2555	S. fleuretti	PG-2021_12	1
2556	S. fleuretti	PG-2021_14	1
2557	S. fleuretti	PG-2021_23	1
2558	S. fleuretti	PG-2021_24	1
2559	S. fleuretti	PG-2021_40	1
2560	S. fleuretti	PG-2021_39	1
2561	S. fleuretti	PG-2021_41	1
2562	S. fleuretti	PG-2021_26	1
2563	S. fleuretti	PG-2021_11	1
2564	S. fleuretti	PG-2021_13	1
2565	S. fleuretti	PG-2021_43	1
2566	S. fleuretti	PG-2021_22	1
2567	S. fleuretti	PG-2021_4	0
2568	S. fleuretti	PG-2021_68	0
2569	S. fleuretti	PG-2021_52	0
2570	S. fleuretti	PG-2021_67	0
2571	S. fleuretti	PG-2021_6	0
2572	S. fleuretti	PG-2021_90	0
2573	S. fleuretti	PG-2021_94	0
2574	S. fleuretti	PG-2021_93	0
2575	S. fleuretti	PG-2021_89	0
